timestamp(ms),RFND[0].Dist
952378.2008873929,0.08
952478.2008873929,0.11
952578.2008873929,0.15
952678.2008873929,0.2
952778.2008873929,0.24
952878.2008873929,0.31
952978.2008873929,0.38
953078.2008873929,0.45
953178.2008873929,0.54
953278.2008873929,0.62
953378.2008873929,0.72
953478.2008873929,0.79
953578.2008873929,0.86
953678.2008873929,0.98
953778.2008873929,1.01
953878.2008873929,1.05
953978.2008873929,1.12
954078.2008873929,1.14
954178.2008873929,1.16
954278.2008873929,1.2
954378.2008873929,1.18
954478.2008873929,1.19
954578.2008873929,1.18
954678.2008873929,1.16
954778.2008873929,1.14
954878.2008873929,1.13
954978.2008873929,1.1
955078.2008873929,1.06
955178.2008873929,1.04
955278.2008873929,1.01
955378.2008873929,0.98
955478.2008873929,0.95
955578.2008873929,0.92
955678.2008873929,0.91
955778.2008873929,0.87
955878.2008873929,0.86
955978.2008873929,0.84
956078.2008873929,0.82
956178.2008873929,0.81
956278.2008873929,0.79
956378.2008873929,0.77
956478.2008873929,0.77
956578.2008873929,0.75
956678.2008873929,0.74
956778.2008873929,0.73
956878.2008873929,0.72
956978.2008873929,0.71
957078.2008873929,0.7
957178.2008873929,0.67
957278.2008873929,0.66
957378.2008873929,0.64
957478.2008873929,0.61
957578.2008873929,0.59
957678.2008873929,0.57
957778.2008873929,0.55
957878.2008873929,0.53
957978.2008873929,0.51
958078.2008873929,0.48
958178.2008873929,0.47
958278.2008873929,0.46
958378.2008873929,0.44
958478.2008873929,0.43
958578.2008873929,0.9
958678.2008873929,0.51
958778.2008873929,0.41
958878.2008873929,0.42
958978.2008873929,0.46
959078.2008873929,0.41
959178.2008873929,0.41
959278.2008873929,0.83
959378.2008873929,0.4
959478.2008873929,0.4
959578.2008873929,0.4
959678.2008873929,0.4
959778.2008873929,0.4
959878.2008873929,0.42
959978.2008873929,0.37
960078.2008873929,0.43
960178.2008873929,0.4
960278.2008873929,0.38
960378.2008873929,0.39
960478.2008873929,0.4
960578.2008873929,0.39
960678.2008873929,0.39
960778.2008873929,0.39
960878.2008873929,0.44
960978.2008873929,0.38
961078.2008873929,0.38
961178.2008873929,0.4
961278.2008873929,0.39
961378.2008873929,0.39
961478.2008873929,0.39
961578.2008873929,0.4
961678.2008873929,0.38
961778.2008873929,0.38
961878.2008873929,0.38
961978.2008873929,0.39
962078.2008873929,0.4
962178.2008873929,0.4
962278.2008873929,0.4
962378.2008873929,0.38
962478.2008873929,0.38
962578.2008873929,0.38
962678.2008873929,0.38
962778.2008873929,0.43
962878.2008873929,0.4
962978.2008873929,0.39
963078.2008873929,0.39
963178.2008873929,0.42
963278.2008873929,0.41
963378.2008873929,0.41
963478.2008873929,0.43
963578.2008873929,0.45
963678.2008873929,0.45
963778.2008873929,0.44
963878.2008873929,0.45
963978.2008873929,0.48
964078.2008873929,0.54
964178.2008873929,0.49
964278.2008873929,0.52
964378.2008873929,0.53
964478.2008873929,0.53
964578.2008873929,0.55
964678.2008873929,0.63
964778.2008873929,0.55
964878.2008873929,0.57
964978.2008873929,0.6
965078.2008873929,0.59
965178.2008873929,0.61
965278.2008873929,0.61
965378.2008873929,0.64
965478.2008873929,0.59
965578.2008873929,0.61
965678.2008873929,0.62
965778.2008873929,0.61
965878.2008873929,0.61
965978.2008873929,0.63
966078.2008873929,0.65
966178.2008873929,0.61
966278.2008873929,0.62
966378.2008873929,0.6
966478.2008873929,0.62
966578.2008873929,0.62
966678.2008873929,0.62
966778.2008873929,0.65
966878.2008873929,0.63
966978.2008873929,0.63
967078.2008873929,0.65
967178.2008873929,0.62
967278.2008873929,0.64
967378.2008873929,0.68
967478.2008873929,0.64
967578.2008873929,0.66
967678.2008873929,0.65
967778.2008873929,0.66
967878.2008873929,0.64
967978.2008873929,0.66
968078.2008873929,0.65
968178.2008873929,0.66
968278.2008873929,0.66
968378.2008873929,0.68
968478.2008873929,0.7
968578.2008873929,0.71
968678.2008873929,0.73
968778.2008873929,0.75
968878.2008873929,0.75
968978.2008873929,0.77
969078.2008873929,0.78
969178.2008873929,0.8
969278.2008873929,0.82
969378.2008873929,0.82
969478.2008873929,0.86
969578.2008873929,0.86
969678.2008873929,0.87
969778.2008873929,0.91
969878.2008873929,0.92
969978.2008873929,0.91
970078.2008873929,0.93
970178.2008873929,0.95
970278.2008873929,0.95
970378.2008873929,0.95
970478.2008873929,0.97
970578.2008873929,0.99
970678.2008873929,1
970778.2008873929,1
970878.2008873929,1
970978.2008873929,1.04
971078.2008873929,1.03
971178.2008873929,1.03
971278.2008873929,1.06
971378.2008873929,1.08
971478.2008873929,1.08
971578.2008873929,1.1
971678.2008873929,1.07
971778.2008873929,1.09
971878.2008873929,1.1
971978.2008873929,1.14
972078.2008873929,1.12
972178.2008873929,1.17
972278.2008873929,1.27
972378.2008873929,1.21
972478.2008873929,1.21
972578.2008873929,1.23
972678.2008873929,1.3
972778.2008873929,1.24
972878.2008873929,1.26
972978.2008873929,1.27
973078.2008873929,1.28
973178.2008873929,1.31
973278.2008873929,1.36
973378.2008873929,1.31
973478.2008873929,1.31
973578.2008873929,1.41
973678.2008873929,1.39
973778.2008873929,1.39
973878.2008873929,1.38
973978.2008873929,1.4
974078.2008873929,1.41
974178.2008873929,1.44
974278.2008873929,1.45
974378.2008873929,1.46
974478.2008873929,1.45
974578.2008873929,1.49
974678.2008873929,1.51
974778.2008873929,1.53
974878.2008873929,1.49
974978.2008873929,1.49
975078.2008873929,1.49
975178.2008873929,1.49
975278.2008873929,1.49
975378.2008873929,1.48
975478.2008873929,1.46
975578.2008873929,1.49
975678.2008873929,1.43
975778.2008873929,1.46
975878.2008873929,1.4
975978.2008873929,1.4
976078.2008873929,1.4
976178.2008873929,1.4
976278.2008873929,1.35
976378.2008873929,1.33
976478.2008873929,1.31
976578.2008873929,1.31
976678.2008873929,1.31
976778.2008873929,1.32
976878.2008873929,1.31
976978.2008873929,1.28
977078.2008873929,1.29
977178.2008873929,1.31
977278.2008873929,1.27
977378.2008873929,1.28
977478.2008873929,1.33
977578.2008873929,1.34
977678.2008873929,1.3
977778.2008873929,1.49
977878.2008873929,1.31
977978.2008873929,1.34
978078.2008873929,1.32
978178.2008873929,1.34
978278.2008873929,1.37
978378.2008873929,1.39
978478.2008873929,1.35
978578.2008873929,1.36
978678.2008873929,1.38
978778.2008873929,1.36
978878.2008873929,1.37
978978.2008873929,1.36
979078.2008873929,1.4
979178.2008873929,1.41
979278.2008873929,1.38
979378.2008873929,1.4
979478.2008873929,1.4
979578.2008873929,1.4
979678.2008873929,1.4
979778.2008873929,1.47
979878.2008873929,1.43
979978.2008873929,1.44
980078.2008873929,1.45
980178.2008873929,1.45
980278.2008873929,1.43
980378.2008873929,1.43
980478.2008873929,1.44
980578.2008873929,1.43
980678.2008873929,1.42
980778.2008873929,1.7
980878.2008873929,1.45
980978.2008873929,1.46
981078.2008873929,1.44
981178.2008873929,1.58
981278.2008873929,1.49
981378.2008873929,1.48
981478.2008873929,1.48
981578.2008873929,1.48
981678.2008873929,1.48
981778.2008873929,1.6
981878.2008873929,1.52
981978.2008873929,1.52
982078.2008873929,1.58
982178.2008873929,1.52
982278.2008873929,1.56
982378.2008873929,1.55
982478.2008873929,1.54
982578.2008873929,1.61
982678.2008873929,1.57
982778.2008873929,1.58
982878.2008873929,1.55
982978.2008873929,1.57
983078.2008873929,1.57
983178.2008873929,1.54
983278.2008873929,1.54
983378.2008873929,1.55
983478.2008873929,1.53
983578.2008873929,1.52
983678.2008873929,1.53
983778.2008873929,1.53
983878.2008873929,1.51
983978.2008873929,1.51
984078.2008873929,1.52
984178.2008873929,1.51
984278.2008873929,1.52
984378.2008873929,1.51
984478.2008873929,1.51
984578.2008873929,1.5
984678.2008873929,1.5
984778.2008873929,1.5
984878.2008873929,1.5
984978.2008873929,1.5
985078.2008873929,1.55
985178.2008873929,1.49
985278.2008873929,1.51
985378.2008873929,1.53
985478.2008873929,1.58
985578.2008873929,1.58
985678.2008873929,1.54
985778.2008873929,1.55
985878.2008873929,1.54
985978.2008873929,1.52
986078.2008873929,1.52
986178.2008873929,1.52
986278.2008873929,1.59
986378.2008873929,1.6
986478.2008873929,1.64
986578.2008873929,1.68
986678.2008873929,1.61
986778.2008873929,1.61
986878.2008873929,1.74
986978.2008873929,1.61
987078.2008873929,1.7
987178.2008873929,1.7
987278.2008873929,1.7
987378.2008873929,1.71
987478.2008873929,1.69
987578.2008873929,1.61
987678.2008873929,1.68
987778.2008873929,1.62
987878.2008873929,1.63
987978.2008873929,1.65
988078.2008873929,1.66
988178.2008873929,1.81
988278.2008873929,1.81
988378.2008873929,1.81
988478.2008873929,1.73
988578.2008873929,1.63
988678.2008873929,1.77
988778.2008873929,1.69
988878.2008873929,1.66
988978.2008873929,1.74
989078.2008873929,1.67
989178.2008873929,1.68
989278.2008873929,1.68
989378.2008873929,1.7
989478.2008873929,1.66
989578.2008873929,1.66
989678.2008873929,1.74
989778.2008873929,1.71
989878.2008873929,1.64
989978.2008873929,1.64
990078.2008873929,1.64
990178.2008873929,1.73
990278.2008873929,1.64
990378.2008873929,1.63
990478.2008873929,1.68
990578.2008873929,1.66
990678.2008873929,1.67
990778.2008873929,1.65
990878.2008873929,1.62
990978.2008873929,1.58
991078.2008873929,1.64
991178.2008873929,1.63
991278.2008873929,1.57
991378.2008873929,1.68
991478.2008873929,1.68
991578.2008873929,1.68
991678.2008873929,1.63
991778.2008873929,1.64
991878.2008873929,1.69
991978.2008873929,1.73
992078.2008873929,1.59
992178.2008873929,1.56
992278.2008873929,1.65
992378.2008873929,1.57
992478.2008873929,1.71
992578.2008873929,1.66
992678.2008873929,1.67
992778.2008873929,1.65
992878.2008873929,1.68
992978.2008873929,1.68
993078.2008873929,1.68
993178.2008873929,1.69
993278.2008873929,1.62
993378.2008873929,1.57
993478.2008873929,1.65
993578.2008873929,1.64
993678.2008873929,1.62
993778.2008873929,1.55
993878.2008873929,1.55
993978.2008873929,1.55
994078.2008873929,1.52
994178.2008873929,1.61
994278.2008873929,1.55
994378.2008873929,1.48
994478.2008873929,1.46
994578.2008873929,1.62
994678.2008873929,1.57
994778.2008873929,1.52
994878.2008873929,1.49
994978.2008873929,1.51
995078.2008873929,1.45
995178.2008873929,1.43
995278.2008873929,1.41
995378.2008873929,1.52
995478.2008873929,1.52
995578.2008873929,1.41
995678.2008873929,1.56
995778.2008873929,1.5
995878.2008873929,1.5
995978.2008873929,1.52
996078.2008873929,1.54
996178.2008873929,1.52
996278.2008873929,1.48
996378.2008873929,1.44
996478.2008873929,1.56
996578.2008873929,1.59
996678.2008873929,1.62
996778.2008873929,1.49
996878.2008873929,1.45
996978.2008873929,1.51
997078.2008873929,1.5
997178.2008873929,1.45
997278.2008873929,1.45
997378.2008873929,1.45
997478.2008873929,1.46
997578.2008873929,1.54
997678.2008873929,1.47
997778.2008873929,1.47
997878.2008873929,1.47
997978.2008873929,1.54
998078.2008873929,1.55
998178.2008873929,1.49
998278.2008873929,1.52
998378.2008873929,1.55
998478.2008873929,1.54
998578.2008873929,1.54
998678.2008873929,1.54
998778.2008873929,1.55
998878.2008873929,1.51
998978.2008873929,1.47
999078.2008873929,1.44
999178.2008873929,1.51
999278.2008873929,1.72
999378.2008873929,1.47
999478.2008873929,1.59
999578.2008873929,1.59
999678.2008873929,1.59
999778.2008873929,1.51
999878.2008873929,1.45
999978.2008873929,1.46
1000078.2008873929,1.46
1000178.2008873929,1.5
1000278.2008873929,1.49
1000378.2008873929,1.5
1000478.2008873929,1.53
1000578.2008873929,1.46
1000678.2008873929,1.48
1000778.2008873929,1.47
1000878.2008873929,1.54
1000978.2008873929,1.49
1001078.2008873929,1.47
1001178.2008873929,1.58
1001278.2008873929,1.46
1001378.2008873929,1.63
1001478.2008873929,1.55
1001578.2008873929,1.45
1001678.2008873929,1.43
1001778.2008873929,1.55
1001878.2008873929,1.46
1001978.2008873929,1.5
1002078.2008873929,1.72
1002178.2008873929,1.54
1002278.2008873929,1.5
1002378.2008873929,1.49
1002478.2008873929,1.51
1002578.2008873929,1.51
1002678.2008873929,1.42
1002778.2008873929,1.55
1002878.2008873929,1.46
1002978.2008873929,1.43
1003078.2008873929,1.52
1003178.2008873929,1.44
1003278.2008873929,1.48
1003378.2008873929,1.54
1003478.2008873929,1.49
1003578.2008873929,1.44
1003678.2008873929,1.47
1003778.2008873929,1.42
1003878.2008873929,1.33
1003978.2008873929,1.36
1004078.2008873929,1.52
1004178.2008873929,1.4
1004278.2008873929,1.46
1004378.2008873929,1.35
1004478.2008873929,1.34
1004578.2008873929,1.34
1004678.2008873929,1.34
1004778.2008873929,1.38
1004878.2008873929,1.35
1004978.2008873929,1.32
1005078.2008873929,1.35
1005178.2008873929,1.28
1005278.2008873929,1.32
1005378.2008873929,1.39
1005478.2008873929,1.4
1005578.2008873929,1.38
1005678.2008873929,1.33
1005778.2008873929,1.33
1005878.2008873929,1.3
1005978.2008873929,1.33
1006078.2008873929,1.32
1006178.2008873929,1.29
1006278.2008873929,1.35
1006378.2008873929,1.3
1006478.2008873929,1.3
1006578.2008873929,1.35
1006678.2008873929,1.3
1006778.2008873929,1.36
1006878.2008873929,1.4
1006978.2008873929,1.29
1007078.2008873929,1.28
1007178.2008873929,1.26
1007278.2008873929,1.23
1007378.2008873929,1.29
1007478.2008873929,1.27
1007578.2008873929,1.25
1007678.2008873929,1.29
1007778.2008873929,1.25
1007878.2008873929,1.37
1007978.2008873929,1.26
1008078.2008873929,1.3
1008178.2008873929,1.29
1008278.2008873929,1.25
1008378.2008873929,1.25
1008478.2008873929,1.27
1008578.2008873929,1.24
1008678.2008873929,1.3
1008778.2008873929,1.27
1008878.2008873929,1.3
1008978.2008873929,1.34
1009078.2008873929,1.34
1009178.2008873929,1.29
1009278.2008873929,1.31
1009378.2008873929,1.38
1009478.2008873929,1.48
1009578.2008873929,1.38
1009678.2008873929,1.33
1009778.2008873929,1.32
1009878.2008873929,1.31
1009978.2008873929,1.42
1010078.2008873929,1.32
1010178.2008873929,1.38
1010278.2008873929,1.49
1010378.2008873929,1.4
1010478.2008873929,1.36
1010578.2008873929,1.43
1010678.2008873929,1.4
1010778.2008873929,1.44
1010878.2008873929,1.43
1010978.2008873929,1.43
1011078.2008873929,1.46
1011178.2008873929,1.44
1011278.2008873929,1.45
1011378.2008873929,1.45
1011478.2008873929,1.46
1011578.2008873929,1.47
1011678.2008873929,1.54
1011778.2008873929,1.54
1011878.2008873929,1.54
1011978.2008873929,1.51
1012078.2008873929,1.57
1012178.2008873929,1.56
1012278.2008873929,1.52
1012378.2008873929,1.66
1012478.2008873929,1.54
1012578.2008873929,1.54
1012678.2008873929,1.54
1012778.2008873929,1.54
1012878.2008873929,1.54
1012978.2008873929,1.54
1013078.2008873929,1.49
1013178.2008873929,1.49
1013278.2008873929,1.49
1013378.2008873929,1.47
1013478.2008873929,1.47
1013578.2008873929,1.6
1013678.2008873929,1.57
1013778.2008873929,1.5
1013878.2008873929,1.49
1013978.2008873929,1.43
1014078.2008873929,1.52
1014178.2008873929,1.53
1014278.2008873929,1.56
1014378.2008873929,1.54
1014478.2008873929,1.51
1014578.2008873929,1.59
1014678.2008873929,1.6
1014778.2008873929,1.66
1014878.2008873929,1.7
1014978.2008873929,1.56
1015078.2008873929,1.68
1015178.2008873929,1.72
1015278.2008873929,1.74
1015378.2008873929,1.71
1015478.2008873929,1.71
1015578.2008873929,1.7
1015678.2008873929,1.69
1015778.2008873929,1.72
1015878.2008873929,1.67
1015978.2008873929,1.74
1016078.2008873929,1.7
1016178.2008873929,1.77
1016278.2008873929,1.72
1016378.2008873929,1.72
1016478.2008873929,1.72
1016578.2008873929,1.84
1016678.2008873929,1.73
1016778.2008873929,1.72
1016878.2008873929,1.74
1016978.2008873929,1.78
1017078.2008873929,1.73
1017178.2008873929,1.78
1017278.2008873929,1.8
1017378.2008873929,1.75
1017478.2008873929,1.75
1017578.2008873929,1.77
1017678.2008873929,1.9
1017778.2008873929,1.9
1017878.2008873929,1.9
1017978.2008873929,1.81
1018078.2008873929,1.79
1018178.2008873929,1.89
1018278.2008873929,1.89
1018378.2008873929,1.89
1018478.2008873929,1.86
1018578.2008873929,1.86
1018678.2008873929,1.89
1018778.2008873929,1.94
1018878.2008873929,1.88
1018978.2008873929,1.88
1019078.2008873929,1.93
1019178.2008873929,1.93
1019278.2008873929,1.93
1019378.2008873929,1.9
1019478.2008873929,1.92
1019578.2008873929,1.92
1019678.2008873929,1.92
1019778.2008873929,1.88
1019878.2008873929,1.88
1019978.2008873929,1.88
1020078.2008873929,1.88
1020178.2008873929,1.88
1020278.2008873929,1.92
1020378.2008873929,1.97
1020478.2008873929,1.97
1020578.2008873929,1.97
1020678.2008873929,1.97
1020778.2008873929,1.97
1020878.2008873929,2.04
1020978.2008873929,2.02
1021078.2008873929,2.02
1021178.2008873929,2.02
1021278.2008873929,2.03
1021378.2008873929,2.02
1021478.2008873929,2.02
1021578.2008873929,2.02
1021678.2008873929,1.94
1021778.2008873929,1.96
1021878.2008873929,1.97
1021978.2008873929,2.01
1022078.2008873929,2.06
1022178.2008873929,1.98
1022278.2008873929,1.98
1022378.2008873929,1.98
1022478.2008873929,2.01
1022578.2008873929,1.99
1022678.2008873929,1.99
1022778.2008873929,1.99
1022878.2008873929,1.99
1022978.2008873929,1.99
1023078.2008873929,1.99
1023178.2008873929,1.99
1023278.2008873929,1.99
1023378.2008873929,2.1
1023478.2008873929,2.01
1023578.2008873929,2.01
1023678.2008873929,2.01
1023778.2008873929,1.99
1023878.2008873929,1.99
1023978.2008873929,1.99
1024078.2008873929,2.07
1024178.2008873929,2.03
1024278.2008873929,2.11
1024378.2008873929,2.11
1024478.2008873929,2.11
1024578.2008873929,1.95
1024678.2008873929,2.11
1024778.2008873929,2.08
1024878.2008873929,1.97
1024978.2008873929,2.06
1025078.2008873929,1.92
1025178.2008873929,2.06
1025278.2008873929,1.91
1025378.2008873929,1.91
1025478.2008873929,1.94
1025578.2008873929,1.94
1025678.2008873929,1.94
1025778.2008873929,1.85
1025878.2008873929,1.93
1025978.2008873929,1.92
1026078.2008873929,1.92
1026178.2008873929,1.92
1026278.2008873929,2
1026378.2008873929,1.9
1026478.2008873929,2.11
1026578.2008873929,2.11
1026678.2008873929,2.11
1026778.2008873929,1.92
1026878.2008873929,1.94
1026978.2008873929,1.91
1027078.2008873929,2.05
1027178.2008873929,1.93
1027278.2008873929,1.93
1027378.2008873929,1.93
1027478.2008873929,1.92
1027578.2008873929,2.02
1027678.2008873929,1.95
1027778.2008873929,1.9
1027878.2008873929,1.92
1027978.2008873929,1.92
1028078.2008873929,1.92
1028178.2008873929,1.92
1028278.2008873929,1.92
1028378.2008873929,1.97
1028478.2008873929,2.03
1028578.2008873929,2.01
1028678.2008873929,2.01
1028778.2008873929,2.01
1028878.2008873929,2.01
1028978.2008873929,2.12
1029078.2008873929,2.03
1029178.2008873929,2.08
1029278.2008873929,2.08
1029378.2008873929,2.08
1029478.2008873929,2.06
1029578.2008873929,2.12
1029678.2008873929,2.1
1029778.2008873929,2.25
1029878.2008873929,2.23
1029978.2008873929,2.14
1030078.2008873929,2.14
1030178.2008873929,2.14
1030278.2008873929,2.13
1030378.2008873929,2.13
1030478.2008873929,2.13
1030578.2008873929,2.13
1030678.2008873929,2.13
1030778.2008873929,2.12
1030878.2008873929,2.12
1030978.2008873929,2.12
1031078.2008873929,2.2
1031178.2008873929,2.2
1031278.2008873929,2.2
1031378.2008873929,2.18
1031478.2008873929,2.18
1031578.2008873929,2.11
1031678.2008873929,2.11
1031778.2008873929,2.11
1031878.2008873929,2.11
1031978.2008873929,2.11
1032078.2008873929,2.11
1032178.2008873929,2.11
1032278.2008873929,2.21
1032378.2008873929,2.21
1032478.2008873929,2.21
1032578.2008873929,2.21
1032678.2008873929,2.16
1032778.2008873929,2.29
1032878.2008873929,2.17
1032978.2008873929,2.17
1033078.2008873929,2.17
1033178.2008873929,2.17
1033278.2008873929,2.17
1033378.2008873929,2.17
1033478.2008873929,2.17
1033578.2008873929,2.39
1033678.2008873929,2.18
1033778.2008873929,2.2
1033878.2008873929,2.2
1033978.2008873929,2.2
1034078.2008873929,2.2
1034178.2008873929,2.2
1034278.2008873929,2.2
1034378.2008873929,2.2
1034478.2008873929,2.2
1034578.2008873929,2.2
1034678.2008873929,2.3
1034778.2008873929,2.26
1034878.2008873929,2.26
1034978.2008873929,2.26
1035078.2008873929,2.26
1035178.2008873929,2.26
1035278.2008873929,2.23
1035378.2008873929,2.26
1035478.2008873929,2.37
1035578.2008873929,2.37
1035678.2008873929,2.37
1035778.2008873929,2.37
1035878.2008873929,2.37
1035978.2008873929,2.34
1036078.2008873929,2.34
1036178.2008873929,2.34
1036278.2008873929,2.34
1036378.2008873929,2.34
1036478.2008873929,2.34
1036578.2008873929,2.34
1036678.2008873929,2.22
1036778.2008873929,2.22
1036878.2008873929,2.22
1036978.2008873929,2.27
1037078.2008873929,2.19
1037178.2008873929,2.19
1037278.2008873929,2.19
1037378.2008873929,2.19
1037478.2008873929,2.19
1037578.2008873929,2.19
1037678.2008873929,2.19
1037778.2008873929,2.17
1037878.2008873929,2.17
1037978.2008873929,2.17
1038078.2008873929,2.33
1038178.2008873929,2.33
1038278.2008873929,2.33
1038378.2008873929,2.23
1038478.2008873929,2.23
1038578.2008873929,2.23
1038678.2008873929,2.27
1038778.2008873929,2.27
1038878.2008873929,2.27
1038978.2008873929,2.21
1039078.2008873929,2.21
1039178.2008873929,2.21
1039278.2008873929,2.36
1039378.2008873929,2.22
1039478.2008873929,2.22
1039578.2008873929,2.22
1039678.2008873929,2.22
1039778.2008873929,2.15
1039878.2008873929,2.15
1039978.2008873929,2.15
1040078.2008873929,2.15
1040178.2008873929,2.15
1040278.2008873929,2.15
1040378.2008873929,2.15
1040478.2008873929,2.03
1040578.2008873929,2.22
1040678.2008873929,2.07
1040778.2008873929,2.07
1040878.2008873929,2.07
1040978.2008873929,2.07
1041078.2008873929,2.07
1041178.2008873929,2.07
1041278.2008873929,2.02
1041378.2008873929,2.03
1041478.2008873929,2.21
1041578.2008873929,2.03
1041678.2008873929,2.03
1041778.2008873929,2
1041878.2008873929,1.99
1041978.2008873929,2.04
1042078.2008873929,1.96
1042178.2008873929,1.96
1042278.2008873929,1.96
1042378.2008873929,2.01
1042478.2008873929,2.01
1042578.2008873929,2.01
1042678.2008873929,2.03
1042778.2008873929,2.14
1042878.2008873929,2.14
1042978.2008873929,2.14
1043078.2008873929,2.24
1043178.2008873929,1.96
1043278.2008873929,1.94
1043378.2008873929,2.11
1043478.2008873929,1.91
1043578.2008873929,1.94
1043678.2008873929,1.94
1043778.2008873929,1.94
1043878.2008873929,1.79
1043978.2008873929,1.77
1044078.2008873929,1.78
1044178.2008873929,1.59
1044278.2008873929,1.52
1044378.2008873929,1.46
1044478.2008873929,1.38
1044578.2008873929,1.38
1044678.2008873929,1.22
1044778.2008873929,1.32
1044878.2008873929,1.19
1044978.2008873929,1.22
1045078.2008873929,1.19
1045178.2008873929,1.15
1045278.2008873929,1.21
1045378.2008873929,1.24
1045478.2008873929,1.52
1045578.2008873929,1.32
1045678.2008873929,1.32
1045778.2008873929,1.42
1045878.2008873929,1.4
1045978.2008873929,1.41
1046078.2008873929,1.35
1046178.2008873929,1.32
1046278.2008873929,1.33
1046378.2008873929,1.38
1046478.2008873929,1.29
1046578.2008873929,1.3
1046678.2008873929,1.35
1046778.2008873929,1.38
1046878.2008873929,1.4
1046978.2008873929,1.48
1047078.2008873929,1.54
1047178.2008873929,1.45
1047278.2008873929,1.5
1047378.2008873929,1.42
1047478.2008873929,1.47
1047578.2008873929,1.42
1047678.2008873929,1.57
1047778.2008873929,1.51
1047878.2008873929,1.5
1047978.2008873929,1.43
1048078.2008873929,1.86
1048178.2008873929,1.54
1048278.2008873929,1.42
1048378.2008873929,1.42
1048478.2008873929,1.43
1048578.2008873927,1.53
1048678.2008873927,1.46
1048778.2008873927,1.34
1048878.2008873927,1.46
1048978.2008873927,1.43
1049078.2008873927,1.48
1049178.2008873927,1.54
1049278.2008873927,1.49
1049378.2008873927,1.51
1049478.2008873927,1.73
1049578.2008873927,1.45
1049678.2008873927,1.57
1049778.2008873927,1.54
1049878.2008873927,1.46
1049978.2008873927,1.46
1050078.2008873927,1.52
1050178.2008873927,1.62
1050278.2008873927,1.62
1050378.2008873927,1.62
1050478.2008873927,1.55
1050578.2008873927,1.55
1050678.2008873927,1.55
1050778.2008873927,1.62
1050878.2008873927,1.69
1050978.2008873927,1.64
1051078.2008873927,1.58
1051178.2008873927,1.52
1051278.2008873927,1.66
1051378.2008873927,1.66
1051478.2008873927,1.69
1051578.2008873927,1.62
1051678.2008873927,1.61
1051778.2008873927,1.65
1051878.2008873927,1.65
1051978.2008873927,1.65
1052078.2008873927,1.89
1052178.2008873927,1.76
1052278.2008873927,1.7
1052378.2008873927,1.7
1052478.2008873927,1.7
1052578.2008873927,1.75
1052678.2008873927,1.75
1052778.2008873927,1.75
1052878.2008873927,1.7
1052978.2008873927,1.78
1053078.2008873927,1.84
1053178.2008873927,1.84
1053278.2008873927,1.84
1053378.2008873927,1.83
1053478.2008873927,1.8
1053578.2008873927,1.96
1053678.2008873927,1.78
1053778.2008873927,1.81
1053878.2008873927,1.79
1053978.2008873927,1.79
1054078.2008873927,1.79
1054178.2008873927,1.77
1054278.2008873927,1.8
1054378.2008873927,1.69
1054478.2008873927,1.23
1054578.2008873927,1.73
1054678.2008873927,1.77
1054778.2008873927,1.64
1054878.2008873927,1.77
1054978.2008873927,1.67
1055078.2008873927,1.68
1055178.2008873927,1.66
1055278.2008873927,1.67
1055378.2008873927,1.68
1055478.2008873927,1.64
1055578.2008873927,1.6
1055678.2008873927,1.6
1055778.2008873927,1.53
1055878.2008873927,1.52
1055978.2008873927,1.67
1056078.2008873927,1.44
1056178.2008873927,1.42
1056278.2008873927,1.65
1056378.2008873927,1.35
1056478.2008873927,1.46
1056578.2008873927,1.38
1056678.2008873927,1.42
1056778.2008873927,1.39
1056878.2008873927,1.32
1056978.2008873927,1.29
1057078.2008873927,1.37
1057178.2008873927,1.4
1057278.2008873927,1.4
1057378.2008873927,1.33
1057478.2008873927,1.43
1057578.2008873927,1.41
1057678.2008873927,1.39
1057778.2008873927,1.37
1057878.2008873927,1.35
1057978.2008873927,1.38
1058078.2008873927,1.42
1058178.2008873927,1.39
1058278.2008873927,1.42
1058378.2008873927,1.39
1058478.2008873927,1.44
1058578.2008873927,1.37
1058678.2008873927,1.37
1058778.2008873927,1.41
1058878.2008873927,1.43
1058978.2008873927,1.46
1059078.2008873927,1.47
1059178.2008873927,1.46
1059278.2008873927,1.47
1059378.2008873927,1.54
1059478.2008873927,1.47
1059578.2008873927,1.54
1059678.2008873927,1.43
1059778.2008873927,1.5
1059878.2008873927,1.59
1059978.2008873927,1.49
1060078.2008873927,1.55
1060178.2008873927,1.53
1060278.2008873927,1.48
1060378.2008873927,1.51
1060478.2008873927,1.48
1060578.2008873927,1.49
1060678.2008873927,1.5
1060778.2008873927,1.47
1060878.2008873927,1.42
1060978.2008873927,1.45
1061078.2008873927,1.45
1061178.2008873927,1.45
1061278.2008873927,1.29
1061378.2008873927,0.84
1061478.2008873927,1.27
1061578.2008873927,1.3
1061678.2008873927,1.34
1061778.2008873927,1.3
1061878.2008873927,1.31
1061978.2008873927,1.33
1062078.2008873927,1.25
1062178.2008873927,1.15
1062278.2008873927,1.32
1062378.2008873927,1.18
1062478.2008873927,1.12
1062578.2008873927,1.17
1062678.2008873927,1.12
1062778.2008873927,1.11
1062878.2008873927,1.09
1062978.2008873927,0.99
1063078.2008873927,1.12
1063178.2008873927,0.8
1063278.2008873927,0.94
1063378.2008873927,0.95
1063478.2008873927,0.97
1063578.2008873927,1.07
1063678.2008873927,0.94
1063778.2008873927,0.96
1063878.2008873927,0.97
1063978.2008873927,0.96
1064078.2008873927,0.89
1064178.2008873927,0.9
1064278.2008873927,0.92
1064378.2008873927,0.88
1064478.2008873927,0.97
1064578.2008873927,0.88
1064678.2008873927,0.92
1064778.2008873927,0.89
1064878.2008873927,0.86
1064978.2008873927,0.83
1065078.2008873927,0.86
1065178.2008873927,0.87
1065278.2008873927,0.87
1065378.2008873927,0.83
1065478.2008873927,0.87
1065578.2008873927,0.79
1065678.2008873927,0.85
1065778.2008873927,0.82
1065878.2008873927,0.81
1065978.2008873927,0.83
1066078.2008873927,0.8
1066178.2008873927,0.78
1066278.2008873927,0.79
1066378.2008873927,0.81
1066478.2008873927,0.79
1066578.2008873927,0.79
1066678.2008873927,0.82
1066778.2008873927,0.8
1066878.2008873927,0.79
1066978.2008873927,0.78
1067078.2008873927,0.79
1067178.2008873927,0.76
1067278.2008873927,0.74
1067378.2008873927,0.82
1067478.2008873927,0.77
1067578.2008873927,0.72
1067678.2008873927,0.78
1067778.2008873927,0.75
1067878.2008873927,0.7
1067978.2008873927,0.72
1068078.2008873927,0.66
1068178.2008873927,0.68
1068278.2008873927,0.75
1068378.2008873927,0.71
1068478.2008873927,0.74
1068578.2008873927,0.86
1068678.2008873927,0.82
1068778.2008873927,0.81
1068878.2008873927,0.84
1068978.2008873927,0.78
1069078.2008873927,0.83
1069178.2008873927,0.85
1069278.2008873927,0.87
1069378.2008873927,0.9
1069478.2008873927,0.86
1069578.2008873927,0.95
1069678.2008873927,0.85
1069778.2008873927,0.86
1069878.2008873927,0.89
1069978.2008873927,0.88
1070078.2008873927,0.91
1070178.2008873927,0.93
1070278.2008873927,1
1070378.2008873927,0.96
1070478.2008873927,0.89
1070578.2008873927,0.98
1070678.2008873927,1.04
1070778.2008873927,0.94
1070878.2008873927,0.99
1070978.2008873927,0.93
1071078.2008873927,1.08
1071178.2008873927,1
1071278.2008873927,0.98
1071378.2008873927,1.03
1071478.2008873927,1.03
1071578.2008873927,0.99
1071678.2008873927,1.03
1071778.2008873927,1.06
1071878.2008873927,1.01
1071978.2008873927,1.02
1072078.2008873927,1.1
1072178.2008873927,1.12
1072278.2008873927,1.08
1072378.2008873927,1.17
1072478.2008873927,1.14
1072578.2008873927,1.1
1072678.2008873927,1.11
1072778.2008873927,1.09
1072878.2008873927,1.15
1072978.2008873927,1.16
1073078.2008873927,1.14
1073178.2008873927,1.14
1073278.2008873927,1.15
1073378.2008873927,1.16
1073478.2008873927,1.13
1073578.2008873927,1.19
1073678.2008873927,1.1
1073778.2008873927,1.16
1073878.2008873927,1.2
1073978.2008873927,1.21
1074078.2008873927,1.21
1074178.2008873927,1.21
1074278.2008873927,1.21
1074378.2008873927,1.21
1074478.2008873927,1.16
1074578.2008873927,1.13
1074678.2008873927,1.13
1074778.2008873927,1.22
1074878.2008873927,1.2
1074978.2008873927,1.18
1075078.2008873927,1.19
1075178.2008873927,1.18
1075278.2008873927,1.13
1075378.2008873927,1.13
1075478.2008873927,1.13
1075578.2008873927,1.16
1075678.2008873927,1.2
1075778.2008873927,1.11
1075878.2008873927,1.17
1075978.2008873927,1.2
1076078.2008873927,1.16
1076178.2008873927,1.15
1076278.2008873927,1.09
1076378.2008873927,1.14
1076478.2008873927,1.17
1076578.2008873927,1.13
1076678.2008873927,1.18
1076778.2008873927,1.19
1076878.2008873927,1.15
1076978.2008873927,1.16
1077078.2008873927,1.15
1077178.2008873927,1.18
1077278.2008873927,1.17
1077378.2008873927,1.24
1077478.2008873927,1.18
1077578.2008873927,1.17
1077678.2008873927,1.09
1077778.2008873927,1.13
1077878.2008873927,1.14
1077978.2008873927,1.14
1078078.2008873927,1.2
1078178.2008873927,1.14
1078278.2008873927,1.12
1078378.2008873927,1.16
1078478.2008873927,1.15
1078578.2008873927,1.1
1078678.2008873927,1.13
1078778.2008873927,1.2
1078878.2008873927,1.1
1078978.2008873927,1.1
1079078.2008873927,1.18
1079178.2008873927,1.11
1079278.2008873927,1.09
1079378.2008873927,1.09
1079478.2008873927,1.14
1079578.2008873927,1.13
1079678.2008873927,1.1
1079778.2008873927,1.12
1079878.2008873927,1.21
1079978.2008873927,1.17
1080078.2008873927,1.17
1080178.2008873927,1.24
1080278.2008873927,1.23
1080378.2008873927,1.26
1080478.2008873927,1.26
1080578.2008873927,1.26
1080678.2008873927,1.32
1080778.2008873927,1.3
1080878.2008873927,1.26
1080978.2008873927,1.35
1081078.2008873927,1.25
1081178.2008873927,1.27
1081278.2008873927,1.3
1081378.2008873927,1.33
1081478.2008873927,1.34
1081578.2008873927,1.27
1081678.2008873927,1.28
1081778.2008873927,1.26
1081878.2008873927,1.32
1081978.2008873927,1.32
1082078.2008873927,1.27
1082178.2008873927,1.32
1082278.2008873927,1.25
1082378.2008873927,1.28
1082478.2008873927,1.3
1082578.2008873927,1.27
1082678.2008873927,1.32
1082778.2008873927,1.26
1082878.2008873927,1.33
1082978.2008873927,1.38
1083078.2008873927,1.3
1083178.2008873927,1.4
1083278.2008873927,1.33
1083378.2008873927,1.4
1083478.2008873927,1.4
1083578.2008873927,1.43
1083678.2008873927,1.45
1083778.2008873927,1.48
1083878.2008873927,1.42
1083978.2008873927,1.45
1084078.2008873927,1.44
1084178.2008873927,1.43
1084278.2008873927,1.42
1084378.2008873927,1.37
1084478.2008873927,1.31
1084578.2008873927,1.38
1084678.2008873927,1.37
1084778.2008873927,1.36
1084878.2008873927,1.39
1084978.2008873927,1.33
1085078.2008873927,1.33
1085178.2008873927,1.36
1085278.2008873927,1.31
1085378.2008873927,1.34
1085478.2008873927,1.32
1085578.2008873927,1.35
1085678.2008873927,1.33
1085778.2008873927,1.33
1085878.2008873927,1.39
1085978.2008873927,1.35
1086078.2008873927,1.36
1086178.2008873927,1.31
1086278.2008873927,1.38
1086378.2008873927,1.28
1086478.2008873927,1.37
1086578.2008873927,1.35
1086678.2008873927,1.42
1086778.2008873927,1.33
1086878.2008873927,1.37
1086978.2008873927,1.34
1087078.2008873927,1.38
1087178.2008873927,1.4
1087278.2008873927,1.34
1087378.2008873927,1.35
1087478.2008873927,1.33
1087578.2008873927,1.35
1087678.2008873927,1.35
1087778.2008873927,1.37
1087878.2008873927,1.35
1087978.2008873927,1.32
1088078.2008873927,1.35
1088178.2008873927,1.46
1088278.2008873927,1.57
1088378.2008873927,1.34
1088478.2008873927,1.34
1088578.2008873927,1.35
1088678.2008873927,1.37
1088778.2008873927,1.52
1088878.2008873927,1.36
1088978.2008873927,1.37
1089078.2008873927,1.39
1089178.2008873927,1.37
1089278.2008873927,1.39
1089378.2008873927,1.44
1089478.2008873927,1.39
1089578.2008873927,1.39
1089678.2008873927,1.41
1089778.2008873927,1.46
1089878.2008873927,1.35
1089978.2008873927,1.48
1090078.2008873927,1.41
1090178.2008873927,1.43
1090278.2008873927,1.48
1090378.2008873927,1.46
1090478.2008873927,1.5
1090578.2008873927,1.43
1090678.2008873927,1.48
1090778.2008873927,1.48
1090878.2008873927,1.48
1090978.2008873927,1.51
1091078.2008873927,1.47
1091178.2008873927,1.58
1091278.2008873927,1.54
1091378.2008873927,1.52
1091478.2008873927,1.54
1091578.2008873927,1.54
1091678.2008873927,1.52
1091778.2008873927,1.55
1091878.2008873927,1.58
1091978.2008873927,1.51
1092078.2008873927,1.55
1092178.2008873927,1.52
1092278.2008873927,1.53
1092378.2008873927,1.52
1092478.2008873927,1.46
1092578.2008873927,1.49
1092678.2008873927,1.51
1092778.2008873927,1.55
1092878.2008873927,1.52
1092978.2008873927,1.58
1093078.2008873927,1.54
1093178.2008873927,1.61
1093278.2008873927,1.54
1093378.2008873927,1.58
1093478.2008873927,1.63
1093578.2008873927,1.56
1093678.2008873927,1.54
1093778.2008873927,1.58
1093878.2008873927,1.57
1093978.2008873927,1.56
1094078.2008873927,1.56
1094178.2008873927,1.56
1094278.2008873927,1.56
1094378.2008873927,1.56
1094478.2008873927,1.59
1094578.2008873927,1.59
1094678.2008873927,1.59
1094778.2008873927,1.53
1094878.2008873927,1.54
1094978.2008873927,1.51
1095078.2008873927,1.52
1095178.2008873927,1.47
1095278.2008873927,1.63
1095378.2008873927,1.53
1095478.2008873927,1.52
1095578.2008873927,1.51
1095678.2008873927,1.45
1095778.2008873927,1.62
1095878.2008873927,1.46
1095978.2008873927,1.55
1096078.2008873927,1.54
1096178.2008873927,1.54
1096278.2008873927,1.54
1096378.2008873927,1.48
1096478.2008873927,1.54
1096578.2008873927,1.54
1096678.2008873927,1.54
1096778.2008873927,1.55
1096878.2008873927,1.6
1096978.2008873927,1.52
1097078.2008873927,1.35
1097178.2008873927,1.55
1097278.2008873927,1.6
1097378.2008873927,1.61
1097478.2008873927,1.56
1097578.2008873927,1.62
1097678.2008873927,1.65
1097778.2008873927,1.58
1097878.2008873927,1.67
1097978.2008873927,1.6
1098078.2008873927,1.79
1098178.2008873927,1.64
1098278.2008873927,1.69
1098378.2008873927,1.73
1098478.2008873927,1.65
1098578.2008873927,1.73
1098678.2008873927,1.76
1098778.2008873927,1.7
1098878.2008873927,1.77
1098978.2008873927,1.72
1099078.2008873927,1.67
1099178.2008873927,1.67
1099278.2008873927,1.67
1099378.2008873927,1.7
1099478.2008873927,1.88
1099578.2008873927,1.74
1099678.2008873927,1.75
1099778.2008873927,1.82
1099878.2008873927,1.8
1099978.2008873927,1.8
1100078.2008873927,1.82
1100178.2008873927,1.82
1100278.2008873927,1.74
1100378.2008873927,1.78
1100478.2008873927,1.89
1100578.2008873927,1.81
1100678.2008873927,1.79
1100778.2008873927,1.82
1100878.2008873927,1.86
1100978.2008873927,1.85
1101078.2008873927,1.79
1101178.2008873927,1.79
1101278.2008873927,1.79
1101378.2008873927,1.87
1101478.2008873927,1.89
1101578.2008873927,1.84
1101678.2008873927,1.87
1101778.2008873927,1.85
1101878.2008873927,1.81
1101978.2008873927,1.89
1102078.2008873927,1.85
1102178.2008873927,1.83
1102278.2008873927,1.78
1102378.2008873927,1.93
1102478.2008873927,1.93
1102578.2008873927,1.93
1102678.2008873927,1.89
1102778.2008873927,1.84
1102878.2008873927,1.91
1102978.2008873927,1.88
1103078.2008873927,2.05
1103178.2008873927,1.79
1103278.2008873927,1.89
1103378.2008873927,1.78
1103478.2008873927,1.84
1103578.2008873927,1.84
1103678.2008873927,1.84
1103778.2008873927,1.77
1103878.2008873927,1.78
1103978.2008873927,1.8
1104078.2008873927,1.77
1104178.2008873927,1.83
1104278.2008873927,1.76
1104378.2008873927,1.73
1104478.2008873927,1.77
1104578.2008873927,1.78
1104678.2008873927,1.77
1104778.2008873927,1.71
1104878.2008873927,1.82
1104978.2008873927,1.68
1105078.2008873927,1.75
1105178.2008873927,1.75
1105278.2008873927,1.71
1105378.2008873927,1.66
1105478.2008873927,1.69
1105578.2008873927,1.64
1105678.2008873927,1.67
1105778.2008873927,1.67
1105878.2008873927,1.65
1105978.2008873927,1.71
1106078.2008873927,1.61
1106178.2008873927,1.65
1106278.2008873927,1.68
1106378.2008873927,1.72
1106478.2008873927,1.7
1106578.2008873927,1.69
1106678.2008873927,1.69
1106778.2008873927,1.69
1106878.2008873927,1.66
1106978.2008873927,1.64
1107078.2008873927,1.19
1107178.2008873927,1.66
1107278.2008873927,1.69
1107378.2008873927,1.64
1107478.2008873927,1.64
1107578.2008873927,1.64
1107678.2008873927,1.7
1107778.2008873927,1.63
1107878.2008873927,1.66
1107978.2008873927,1.66
1108078.2008873927,1.61
1108178.2008873927,1.72
1108278.2008873927,1.63
1108378.2008873927,1.57
1108478.2008873927,1.7
1108578.2008873927,1.62
1108678.2008873927,1.65
1108778.2008873927,1.65
1108878.2008873927,1.68
1108978.2008873927,1.53
1109078.2008873927,1.6
1109178.2008873927,1.61
1109278.2008873927,1.55
1109378.2008873927,1.58
1109478.2008873927,1.55
1109578.2008873927,1.52
1109678.2008873927,1.62
1109778.2008873927,1.6
1109878.2008873927,1.58
1109978.2008873927,1.63
1110078.2008873927,1.56
1110178.2008873927,1.64
1110278.2008873927,1.55
1110378.2008873927,1.54
1110478.2008873927,1.54
1110578.2008873927,1.51
1110678.2008873927,1.48
1110778.2008873927,1.5
1110878.2008873927,1.56
1110978.2008873927,1.55
1111078.2008873927,1.54
1111178.2008873927,1.53
1111278.2008873927,1.52
1111378.2008873927,1.47
1111478.2008873927,1.43
1111578.2008873927,1.56
1111678.2008873927,1.45
1111778.2008873927,1.45
1111878.2008873927,1.48
1111978.2008873927,1.41
1112078.2008873927,1.42
1112178.2008873927,1.43
1112278.2008873927,1.49
1112378.2008873927,1.43
1112478.2008873927,1.46
1112578.2008873927,1.44
1112678.2008873927,1.44
1112778.2008873927,1.43
1112878.2008873927,1.46
1112978.2008873927,1.43
1113078.2008873927,1.41
1113178.2008873927,1.48
1113278.2008873927,1.43
1113378.2008873927,1.46
1113478.2008873927,1.49
1113578.2008873927,1.46
1113678.2008873927,1.5
1113778.2008873927,1.45
1113878.2008873927,1.38
1113978.2008873927,1.49
1114078.2008873927,1.38
1114178.2008873927,1.62
1114278.2008873927,1.45
1114378.2008873927,1.43
1114478.2008873927,1.46
1114578.2008873927,1.42
1114678.2008873927,1.42
1114778.2008873927,1.68
1114878.2008873927,1.5
1114978.2008873927,1.42
1115078.2008873927,1.4
1115178.2008873927,1.46
1115278.2008873927,1.46
1115378.2008873927,1.45
1115478.2008873927,1.48
1115578.2008873927,1.53
1115678.2008873927,1.45
1115778.2008873927,1.48
1115878.2008873927,1.59
1115978.2008873927,1.51
1116078.2008873927,1.44
1116178.2008873927,1.47
1116278.2008873927,1.46
1116378.2008873927,1.54
1116478.2008873927,1.44
1116578.2008873927,1.48
1116678.2008873927,1.42
1116778.2008873927,1.47
1116878.2008873927,1.44
1116978.2008873927,1.4
1117078.2008873927,1.42
1117178.2008873927,1.42
1117278.2008873927,1.42
1117378.2008873927,1.45
1117478.2008873927,1.43
1117578.2008873927,1.42
1117678.2008873927,1.38
1117778.2008873927,1.39
1117878.2008873927,1.47
1117978.2008873927,1.42
1118078.2008873927,1.45
1118178.2008873927,1.44
1118278.2008873927,1.42
1118378.2008873927,1.42
1118478.2008873927,1.37
1118578.2008873927,1.45
1118678.2008873927,1.37
1118778.2008873927,1.39
1118878.2008873927,1.38
1118978.2008873927,1.36
1119078.2008873927,1.36
1119178.2008873927,1.36
1119278.2008873927,1.4
1119378.2008873927,1.32
1119478.2008873927,1.32
1119578.2008873927,1.29
1119678.2008873927,1.28
1119778.2008873927,1.32
1119878.2008873927,1.31
1119978.2008873927,1.27
1120078.2008873927,1.16
1120178.2008873927,1.28
1120278.2008873927,1.3
1120378.2008873927,1.31
1120478.2008873927,1.28
1120578.2008873927,1.29
1120678.2008873927,1.26
1120778.2008873927,1.27
1120878.2008873927,1.27
1120978.2008873927,1.26
1121078.2008873927,1.18
1121178.2008873927,1.31
1121278.2008873927,1.3
1121378.2008873927,1.26
1121478.2008873927,1.33
1121578.2008873927,1.26
1121678.2008873927,1.26
1121778.2008873927,1.22
1121878.2008873927,1.22
1121978.2008873927,1.23
1122078.2008873927,1.18
1122178.2008873927,1.18
1122278.2008873927,1.26
1122378.2008873927,1.3
1122478.2008873927,1.24
1122578.2008873927,1.25
1122678.2008873927,1.17
1122778.2008873927,1.21
1122878.2008873927,1.17
1122978.2008873927,1.18
1123078.2008873927,1.19
1123178.2008873927,1.17
1123278.2008873927,1.15
1123378.2008873927,1.11
1123478.2008873927,1.15
1123578.2008873927,1.11
1123678.2008873927,1.12
1123778.2008873927,1.12
1123878.2008873927,1.09
1123978.2008873927,1.13
1124078.2008873927,1.13
1124178.2008873927,1.1
1124278.2008873927,1.12
1124378.2008873927,1.14
1124478.2008873927,1.17
1124578.2008873927,1.16
1124678.2008873927,1.11
1124778.2008873927,1.12
1124878.2008873927,1.07
1124978.2008873927,1.19
1125078.2008873927,1.09
1125178.2008873927,1.07
1125278.2008873927,1.13
1125378.2008873927,1.13
1125478.2008873927,1.11
1125578.2008873927,1.19
1125678.2008873927,0.99
1125778.2008873927,1.05
1125878.2008873927,1.17
1125978.2008873927,1.12
1126078.2008873927,1.09
1126178.2008873927,0.97
1126278.2008873927,1.06
1126378.2008873927,0.97
1126478.2008873927,1.01
1126578.2008873927,1.06
1126678.2008873927,1.09
1126778.2008873927,1.23
1126878.2008873927,1.07
1126978.2008873927,1.17
1127078.2008873927,1.13
1127178.2008873927,1.11
1127278.2008873927,1.06
1127378.2008873927,1.04
1127478.2008873927,1.17
1127578.2008873927,1.11
1127678.2008873927,1.12
1127778.2008873927,1.05
1127878.2008873927,1.08
1127978.2008873927,1.16
1128078.2008873927,1.25
1128178.2008873927,1.15
1128278.2008873927,1.24
1128378.2008873927,1.12
1128478.2008873927,1.08
1128578.2008873927,1.2
1128678.2008873927,1.18
1128778.2008873927,1.18
1128878.2008873927,1.14
1128978.2008873927,1.18
1129078.2008873927,1.12
1129178.2008873927,1.23
1129278.2008873927,1.19
1129378.2008873927,1.21
1129478.2008873927,1.06
1129578.2008873927,1.12
1129678.2008873927,1.29
1129778.2008873927,1.12
1129878.2008873927,1.04
1129978.2008873927,1.05
1130078.2008873927,1.15
1130178.2008873927,1.14
1130278.2008873927,1.14
1130378.2008873927,1.15
1130478.2008873927,1.13
1130578.2008873927,1.1
1130678.2008873927,1.09
1130778.2008873927,1.16
1130878.2008873927,1.08
1130978.2008873927,1.22
1131078.2008873927,1.05
1131178.2008873927,1.13
1131278.2008873927,1.16
1131378.2008873927,1.12
1131478.2008873927,1.13
1131578.2008873927,1.01
1131678.2008873927,1.04
1131778.2008873927,1.04
1131878.2008873927,1.06
1131978.2008873927,1.11
1132078.2008873927,1.19
1132178.2008873927,1.14
1132278.2008873927,1.12
1132378.2008873927,1.14
1132478.2008873927,1.14
1132578.2008873927,1.07
1132678.2008873927,1.05
1132778.2008873927,1.02
1132878.2008873927,1.08
1132978.2008873927,0.98
1133078.2008873927,1.13
1133178.2008873927,1.06
1133278.2008873927,1.11
1133378.2008873927,1.05
1133478.2008873927,1.1
1133578.2008873927,1.05
1133678.2008873927,1.11
1133778.2008873927,1.15
1133878.2008873927,1.13
1133978.2008873927,1.12
1134078.2008873927,1.14
1134178.2008873927,1.09
1134278.2008873927,1.13
1134378.2008873927,1.1
1134478.2008873927,1.2
1134578.2008873927,1.09
1134678.2008873927,1.06
1134778.2008873927,1.13
1134878.2008873927,1.09
1134978.2008873927,1.17
1135078.2008873927,1.2
1135178.2008873927,1.15
1135278.2008873927,1.12
1135378.2008873927,1.19
1135478.2008873927,1.21
1135578.2008873927,1.13
1135678.2008873927,1.22
1135778.2008873927,1.31
1135878.2008873927,1.24
1135978.2008873927,1.33
1136078.2008873927,1.19
1136178.2008873927,1.34
1136278.2008873927,1.29
1136378.2008873927,1.32
1136478.2008873927,1.38
1136578.2008873927,1.23
1136678.2008873927,1.24
1136778.2008873927,1.73
1136878.2008873927,1.25
1136978.2008873927,1.25
1137078.2008873927,1.25
1137178.2008873927,1.28
1137278.2008873927,1.35
1137378.2008873927,1.29
1137478.2008873927,1.39
1137578.2008873927,1.27
1137678.2008873927,1.24
1137778.2008873927,1.27
1137878.2008873927,1.3
1137978.2008873927,1.38
1138078.2008873927,1.41
1138178.2008873927,1.32
1138278.2008873927,1.69
1138378.2008873927,1.33
1138478.2008873927,1.42
1138578.2008873927,1.33
1138678.2008873927,1.37
1138778.2008873927,1.35
1138878.2008873927,1.4
1138978.2008873927,1.45
1139078.2008873927,1.45
1139178.2008873927,1.59
1139278.2008873927,1.41
1139378.2008873927,1.55
1139478.2008873927,1.48
1139578.2008873927,1.47
1139678.2008873927,1.4
1139778.2008873927,1.5
1139878.2008873927,1.41
1139978.2008873927,1.52
1140078.2008873927,1.45
1140178.2008873927,1.6
1140278.2008873927,1.46
1140378.2008873927,1.59
1140478.2008873927,1.59
1140578.2008873927,1.44
1140678.2008873927,1.53
1140778.2008873927,1.53
1140878.2008873927,1.45
1140978.2008873927,1.51
1141078.2008873927,1.46
1141178.2008873927,1.46
1141278.2008873927,1.46
1141378.2008873927,1.53
1141478.2008873927,1.48
1141578.2008873927,1.53
1141678.2008873927,1.47
1141778.2008873927,1.53
1141878.2008873927,1.55
1141978.2008873927,1.48
1142078.2008873927,1.51
1142178.2008873927,1.49
1142278.2008873927,1.43
1142378.2008873927,1.46
1142478.2008873927,1.46
1142578.2008873927,1.41
1142678.2008873927,1.47
1142778.2008873927,1.46
1142878.2008873927,1.46
1142978.2008873927,1.43
1143078.2008873927,1.48
1143178.2008873927,1.5
1143278.2008873927,1.47
1143378.2008873927,1.46
1143478.2008873927,1.47
1143578.2008873927,1.41
1143678.2008873927,1.6
1143778.2008873927,1.49
1143878.2008873927,1.5
1143978.2008873927,1.52
1144078.2008873927,1.45
1144178.2008873927,1.55
1144278.2008873927,1.44
1144378.2008873927,1.49
1144478.2008873927,1.52
1144578.2008873927,1.51
1144678.2008873927,1.61
1144778.2008873927,1.49
1144878.2008873927,1.45
1144978.2008873927,1.52
1145078.2008873927,1.53
1145178.2008873927,1.48
1145278.2008873927,1.48
1145378.2008873927,1.48
1145478.2008873927,1.45
1145578.2008873927,1.44
1145678.2008873927,1.46
1145778.2008873927,1.43
1145878.2008873927,1.44
1145978.2008873927,1.45
1146078.2008873927,1.4
1146178.2008873927,1.49
1146278.2008873927,1.44
1146378.2008873927,1.41
1146478.2008873927,1.44
1146578.2008873927,1.46
1146678.2008873927,1.46
1146778.2008873927,1.49
1146878.2008873927,1.37
1146978.2008873927,1.55
1147078.2008873927,1.46
1147178.2008873927,1.47
1147278.2008873927,1.45
1147378.2008873927,1.51
1147478.2008873927,1.48
1147578.2008873927,1.61
1147678.2008873927,1.52
1147778.2008873927,1.39
1147878.2008873927,1.63
1147978.2008873927,1.44
1148078.2008873927,1.48
1148178.2008873927,1.48
1148278.2008873927,1.47
1148378.2008873927,1.5
1148478.2008873927,1.58
1148578.2008873927,1.43
1148678.2008873927,1.68
1148778.2008873927,1.53
1148878.2008873927,1.66
1148978.2008873927,1.62
1149078.2008873927,1.57
1149178.2008873927,1.57
1149278.2008873927,1.62
1149378.2008873927,1.78
1149478.2008873927,1.62
1149578.2008873927,1.62
1149678.2008873927,1.62
1149778.2008873927,1.74
1149878.2008873927,1.66
1149978.2008873927,1.79
1150078.2008873927,1.75
1150178.2008873927,1.77
1150278.2008873927,1.69
1150378.2008873927,1.78
1150478.2008873927,1.76
1150578.2008873927,1.75
1150678.2008873927,1.76
1150778.2008873927,1.84
1150878.2008873927,1.74
1150978.2008873927,1.73
1151078.2008873927,1.73
1151178.2008873927,1.73
1151278.2008873927,1.82
1151378.2008873927,1.8
1151478.2008873927,1.8
1151578.2008873927,1.8
1151678.2008873927,1.8
1151778.2008873927,1.83
1151878.2008873927,1.84
1151978.2008873927,1.89
1152078.2008873927,1.73
1152178.2008873927,1.76
1152278.2008873927,1.8
1152378.2008873927,1.8
1152478.2008873927,1.8
1152578.2008873927,1.81
1152678.2008873927,1.91
1152778.2008873927,1.8
1152878.2008873927,1.81
1152978.2008873927,1.95
1153078.2008873927,1.95
1153178.2008873927,1.87
1153278.2008873927,1.93
1153378.2008873927,1.84
1153478.2008873927,1.93
1153578.2008873927,1.87
1153678.2008873927,1.82
1153778.2008873927,1.86
1153878.2008873927,1.93
1153978.2008873927,1.9
1154078.2008873927,1.9
1154178.2008873927,1.87
1154278.2008873927,1.44
1154378.2008873927,1.84
1154478.2008873927,1.91
1154578.2008873927,1.91
1154678.2008873927,1.91
1154778.2008873927,1.99
1154878.2008873927,1.89
1154978.2008873927,1.81
1155078.2008873927,2
1155178.2008873927,2.09
1155278.2008873927,1.9
1155378.2008873927,1.84
1155478.2008873927,1.87
1155578.2008873927,1.88
1155678.2008873927,1.86
1155778.2008873927,1.84
1155878.2008873927,1.84
1155978.2008873927,1.91
1156078.2008873927,1.91
1156178.2008873927,1.91
1156278.2008873927,1.91
1156378.2008873927,1.91
1156478.2008873927,1.91
1156578.2008873927,1.91
1156678.2008873927,2.02
1156778.2008873927,1.9
1156878.2008873927,1.9
1156978.2008873927,1.9
1157078.2008873927,1.92
1157178.2008873927,1.89
1157278.2008873927,1.85
1157378.2008873927,1.83
1157478.2008873927,1.9
1157578.2008873927,1.9
1157678.2008873927,1.85
1157778.2008873927,1.8
1157878.2008873927,1.89
1157978.2008873927,1.84
1158078.2008873927,1.9
1158178.2008873927,1.8
1158278.2008873927,1.84
1158378.2008873927,2.04
1158478.2008873927,1.84
1158578.2008873927,1.81
1158678.2008873927,1.79
1158778.2008873927,1.81
1158878.2008873927,1.94
1158978.2008873927,1.84
1159078.2008873927,1.85
1159178.2008873927,1.85
1159278.2008873927,1.88
1159378.2008873927,1.95
1159478.2008873927,1.8
1159578.2008873927,1.83
1159678.2008873927,1.76
1159778.2008873927,1.91
1159878.2008873927,1.85
1159978.2008873927,1.84
1160078.2008873927,1.84
1160178.2008873927,1.94
1160278.2008873927,1.81
1160378.2008873927,1.77
1160478.2008873927,1.78
1160578.2008873927,1.78
1160678.2008873927,1.8
1160778.2008873927,1.74
1160878.2008873927,1.78
1160978.2008873927,1.72
1161078.2008873927,1.95
1161178.2008873927,1.73
1161278.2008873927,1.75
1161378.2008873927,1.73
1161478.2008873927,1.83
1161578.2008873927,2.01
1161678.2008873927,1.79
1161778.2008873927,1.73
1161878.2008873927,1.71
1161978.2008873927,1.75
1162078.2008873927,1.73
1162178.2008873927,1.92
1162278.2008873927,1.67
1162378.2008873927,1.71
1162478.2008873927,1.66
1162578.2008873927,1.66
1162678.2008873927,1.61
1162778.2008873927,1.56
1162878.2008873927,1.58
1162978.2008873927,1.49
1163078.2008873927,1.52
1163178.2008873927,1.49
1163278.2008873927,1.45
1163378.2008873927,1.47
1163478.2008873927,1.41
1163578.2008873927,1.4
1163678.2008873927,1.44
1163778.2008873927,1.42
1163878.2008873927,1.36
1163978.2008873927,1.36
1164078.2008873927,1.57
1164178.2008873927,1.41
1164278.2008873927,1.48
1164378.2008873927,1.38
1164478.2008873927,1.39
1164578.2008873927,1.4
1164678.2008873927,1.46
1164778.2008873927,1.35
1164878.2008873927,1.4
1164978.2008873927,1.4
1165078.2008873927,1.4
1165178.2008873927,1.35
1165278.2008873927,1.46
1165378.2008873927,1.4
1165478.2008873927,1.44
1165578.2008873927,1.44
1165678.2008873927,1.44
1165778.2008873927,1.41
1165878.2008873927,1.45
1165978.2008873927,1.49
1166078.2008873927,1.59
1166178.2008873927,1.42
1166278.2008873927,1.49
1166378.2008873927,1.47
1166478.2008873927,1.48
1166578.2008873927,1.49
1166678.2008873927,1.49
1166778.2008873927,1.51
1166878.2008873927,1.61
1166978.2008873927,1.5
1167078.2008873927,1.48
1167178.2008873927,1.57
1167278.2008873927,1.47
1167378.2008873927,1.51
1167478.2008873927,1.53
1167578.2008873927,1.59
1167678.2008873927,1.52
1167778.2008873927,1.56
1167878.2008873927,1.53
1167978.2008873927,1.57
1168078.2008873927,1.58
1168178.2008873927,1.55
1168278.2008873927,1.57
1168378.2008873927,1.62
1168478.2008873927,1.59
1168578.2008873927,1.6
1168678.2008873927,1.72
1168778.2008873927,1.71
1168878.2008873927,1.77
1168978.2008873927,1.67
1169078.2008873927,1.76
1169178.2008873927,1.68
1169278.2008873927,1.79
1169378.2008873927,1.76
1169478.2008873927,1.71
1169578.2008873927,1.72
1169678.2008873927,1.68
1169778.2008873927,1.79
1169878.2008873927,1.91
1169978.2008873927,1.8
1170078.2008873927,1.77
1170178.2008873927,1.77
1170278.2008873927,1.72
1170378.2008873927,1.92
1170478.2008873927,1.92
1170578.2008873927,1.92
1170678.2008873927,1.78
1170778.2008873927,1.88
1170878.2008873927,1.79
1170978.2008873927,1.76
1171078.2008873927,1.8
1171178.2008873927,1.82
1171278.2008873927,1.79
1171378.2008873927,1.84
1171478.2008873927,1.79
1171578.2008873927,1.86
1171678.2008873927,1.77
1171778.2008873927,1.83
1171878.2008873927,1.82
1171978.2008873927,1.82
1172078.2008873927,1.82
1172178.2008873927,1.85
1172278.2008873927,1.74
1172378.2008873927,1.8
1172478.2008873927,1.77
1172578.2008873927,1.77
1172678.2008873927,1.79
1172778.2008873927,1.82
1172878.2008873927,1.77
1172978.2008873927,1.79
1173078.2008873927,1.79
1173178.2008873927,1.79
1173278.2008873927,1.87
1173378.2008873927,1.92
1173478.2008873927,1.88
1173578.2008873927,1.87
1173678.2008873927,2
1173778.2008873927,1.92
1173878.2008873927,1.94
1173978.2008873927,1.88
1174078.2008873927,1.87
1174178.2008873927,1.83
1174278.2008873927,1.85
1174378.2008873927,1.83
1174478.2008873927,1.9
1174578.2008873927,1.85
1174678.2008873927,1.86
1174778.2008873927,1.86
1174878.2008873927,1.86
1174978.2008873927,1.89
1175078.2008873927,1.89
1175178.2008873927,1.96
1175278.2008873927,1.94
1175378.2008873927,1.92
1175478.2008873927,1.93
1175578.2008873927,1.93
1175678.2008873927,1.94
1175778.2008873927,2.12
1175878.2008873927,1.95
1175978.2008873927,1.96
1176078.2008873927,1.95
1176178.2008873927,1.95
1176278.2008873927,1.95
1176378.2008873927,1.91
1176478.2008873927,1.91
1176578.2008873927,1.91
1176678.2008873927,2.03
1176778.2008873927,2.05
1176878.2008873927,2.05
1176978.2008873927,2.05
1177078.2008873927,1.99
1177178.2008873927,2.15
1177278.2008873927,2
1177378.2008873927,2.04
1177478.2008873927,2.1
1177578.2008873927,2.1
1177678.2008873927,2.1
1177778.2008873927,2.1
1177878.2008873927,2.1
1177978.2008873927,2.15
1178078.2008873927,2.02
1178178.2008873927,2.05
1178278.2008873927,2.18
1178378.2008873927,2.18
1178478.2008873927,2.18
1178578.2008873927,2.09
1178678.2008873927,2.22
1178778.2008873927,2.22
1178878.2008873927,2.22
1178978.2008873927,2.13
1179078.2008873927,2.09
1179178.2008873927,2.09
1179278.2008873927,2.09
1179378.2008873927,2.09
1179478.2008873927,2.23
1179578.2008873927,2.09
1179678.2008873927,2.1
1179778.2008873927,2.13
1179878.2008873927,2.13
1179978.2008873927,2.06
1180078.2008873927,2.04
1180178.2008873927,2.12
1180278.2008873927,2.3
1180378.2008873927,2.3
1180478.2008873927,2.3
1180578.2008873927,2.03
1180678.2008873927,2.03
1180778.2008873927,2.09
1180878.2008873927,2.07
1180978.2008873927,2.02
1181078.2008873927,2.09
1181178.2008873927,2.01
1181278.2008873927,1.99
1181378.2008873927,1.99
1181478.2008873927,1.99
1181578.2008873927,2.05
1181678.2008873927,2.06
1181778.2008873927,2.06
1181878.2008873927,2.13
1181978.2008873927,2.04
1182078.2008873927,2.13
1182178.2008873927,2.1
1182278.2008873927,2.04
1182378.2008873927,2.03
1182478.2008873927,2.17
1182578.2008873927,2.17
1182678.2008873927,2.17
1182778.2008873927,2.08
1182878.2008873927,2.12
1182978.2008873927,2.05
1183078.2008873927,2.13
1183178.2008873927,2.08
1183278.2008873927,2.12
1183378.2008873927,2.08
1183478.2008873927,2.07
1183578.2008873927,2.07
1183678.2008873927,2.07
1183778.2008873927,2.07
1183878.2008873927,2.07
1183978.2008873927,2.21
1184078.2008873927,2.14
1184178.2008873927,2.26
1184278.2008873927,2.14
1184378.2008873927,2.24
1184478.2008873927,2.14
1184578.2008873927,2.12
1184678.2008873927,2.13
1184778.2008873927,2.13
1184878.2008873927,2.13
1184978.2008873927,2.13
1185078.2008873927,2.13
1185178.2008873927,2.13
1185278.2008873927,2.13
1185378.2008873927,2.1
1185478.2008873927,2.06
1185578.2008873927,2.05
1185678.2008873927,2.04
1185778.2008873927,2.03
1185878.2008873927,2.03
1185978.2008873927,2.03
1186078.2008873927,2.07
1186178.2008873927,2.08
1186278.2008873927,2.03
1186378.2008873927,2.03
1186478.2008873927,2.03
1186578.2008873927,2.03
1186678.2008873927,1.64
1186778.2008873927,2.01
1186878.2008873927,2.15
1186978.2008873927,2.04
1187078.2008873927,2.05
1187178.2008873927,2.05
1187278.2008873927,2.04
1187378.2008873927,2.07
1187478.2008873927,2.07
1187578.2008873927,2.11
1187678.2008873927,2.04
1187778.2008873927,2.05
1187878.2008873927,2.02
1187978.2008873927,1.99
1188078.2008873927,1.97
1188178.2008873927,1.99
1188278.2008873927,1.99
1188378.2008873927,1.99
1188478.2008873927,1.97
1188578.2008873927,2.03
1188678.2008873927,2.01
1188778.2008873927,2.01
1188878.2008873927,2.01
1188978.2008873927,2.01
1189078.2008873927,2.01
1189178.2008873927,2.04
1189278.2008873927,2.14
1189378.2008873927,2.14
1189478.2008873927,2.14
1189578.2008873927,2.14
1189678.2008873927,2.09
1189778.2008873927,2.09
1189878.2008873927,2.09
1189978.2008873927,1.98
1190078.2008873927,1.94
1190178.2008873927,1.98
1190278.2008873927,1.99
1190378.2008873927,2
1190478.2008873927,2.06
1190578.2008873927,1.96
1190678.2008873927,1.94
1190778.2008873927,2.04
1190878.2008873927,1.93
1190978.2008873927,1.92
1191078.2008873927,1.98
1191178.2008873927,1.9
1191278.2008873927,1.95
1191378.2008873927,2
1191478.2008873927,2
1191578.2008873927,1.93
1191678.2008873927,1.9
1191778.2008873927,1.95
1191878.2008873927,1.87
1191978.2008873927,2.04
1192078.2008873927,1.84
1192178.2008873927,1.88
1192278.2008873927,1.93
1192378.2008873927,1.87
1192478.2008873927,1.94
1192578.2008873927,1.9
1192678.2008873927,2.07
1192778.2008873927,1.88
1192878.2008873927,1.95
1192978.2008873927,1.95
1193078.2008873927,1.93
1193178.2008873927,1.99
1193278.2008873927,1.91
1193378.2008873927,1.94
1193478.2008873927,1.96
1193578.2008873927,1.88
1193678.2008873927,1.9
1193778.2008873927,1.9
1193878.2008873927,1.86
1193978.2008873927,1.86
1194078.2008873927,1.86
1194178.2008873927,1.87
1194278.2008873927,1.82
1194378.2008873927,1.8
1194478.2008873927,1.8
1194578.2008873927,1.8
1194678.2008873927,1.82
1194778.2008873927,1.74
1194878.2008873927,1.86
1194978.2008873927,1.78
1195078.2008873927,1.75
1195178.2008873927,1.74
1195278.2008873927,1.87
1195378.2008873927,1.87
1195478.2008873927,1.87
1195578.2008873927,1.76
1195678.2008873927,1.64
1195778.2008873927,1.76
1195878.2008873927,1.7
1195978.2008873927,1.7
1196078.2008873927,1.64
1196178.2008873927,1.65
1196278.2008873927,1.6
1196378.2008873927,1.59
1196478.2008873927,1.57
1196578.2008873927,1.67
1196678.2008873927,1.65
1196778.2008873927,1.55
1196878.2008873927,1.6
1196978.2008873927,1.57
1197078.2008873927,1.58
1197178.2008873927,1.62
1197278.2008873927,1.54
1197378.2008873927,1.59
1197478.2008873927,1.54
1197578.2008873927,1.58
1197678.2008873927,1.52
1197778.2008873927,1.59
1197878.2008873927,1.55
1197978.2008873927,1.54
1198078.2008873927,1.59
1198178.2008873927,1.46
1198278.2008873927,1.49
1198378.2008873927,1.47
1198478.2008873927,1.45
1198578.2008873927,1.49
1198678.2008873927,1.39
1198778.2008873927,1.45
1198878.2008873927,1.48
1198978.2008873927,1.45
1199078.2008873927,1.45
1199178.2008873927,1.53
1199278.2008873927,1.47
1199378.2008873927,1.44
1199478.2008873927,1.49
1199578.2008873927,1.65
1199678.2008873927,1.43
1199778.2008873927,1.51
1199878.2008873927,1.52
1199978.2008873927,1.53
1200078.2008873927,1.45
1200178.2008873927,1.53
1200278.2008873927,1.47
1200378.2008873927,1.41
1200478.2008873927,1.47
1200578.2008873927,1.51
1200678.2008873927,1.46
1200778.2008873927,1.47
1200878.2008873927,1.48
1200978.2008873927,1.46
1201078.2008873927,1.39
1201178.2008873927,1.42
1201278.2008873927,1.39
1201378.2008873927,1.43
1201478.2008873927,1.41
1201578.2008873927,1.39
1201678.2008873927,1.37
1201778.2008873927,1.37
1201878.2008873927,1.35
1201978.2008873927,1.4
1202078.2008873927,1.37
1202178.2008873927,1.38
1202278.2008873927,1.4
1202378.2008873927,1.46
1202478.2008873927,1.53
1202578.2008873927,1.44
1202678.2008873927,1.47
1202778.2008873927,1.46
1202878.2008873927,1.48
1202978.2008873927,1.49
1203078.2008873927,1.49
1203178.2008873927,1.49
1203278.2008873927,1.52
1203378.2008873927,1.49
1203478.2008873927,1.52
1203578.2008873927,1.52
1203678.2008873927,1.58
1203778.2008873927,1.51
1203878.2008873927,1.56
1203978.2008873927,1.48
1204078.2008873927,1.68
1204178.2008873927,1.55
1204278.2008873927,1.53
1204378.2008873927,1.59
1204478.2008873927,1.59
1204578.2008873927,1.59
1204678.2008873927,1.58
1204778.2008873927,1.58
1204878.2008873927,1.57
1204978.2008873927,1.59
1205078.2008873927,1.6
1205178.2008873927,1.63
1205278.2008873927,1.6
1205378.2008873927,1.56
1205478.2008873927,1.63
1205578.2008873927,1.58
1205678.2008873927,1.69
1205778.2008873927,1.57
1205878.2008873927,1.64
1205978.2008873927,1.51
1206078.2008873927,1.62
1206178.2008873927,1.52
1206278.2008873927,1.51
1206378.2008873927,1.51
1206478.2008873927,1.58
1206578.2008873927,1.52
1206678.2008873927,1.52
1206778.2008873927,1.63
1206878.2008873927,1.51
1206978.2008873927,1.5
1207078.2008873927,1.65
1207178.2008873927,1.53
1207278.2008873927,1.54
1207378.2008873927,1.46
1207478.2008873927,1.48
1207578.2008873927,1.57
1207678.2008873927,1.57
1207778.2008873927,1.57
1207878.2008873927,1.51
1207978.2008873927,1.53
1208078.2008873927,1.54
1208178.2008873927,1.48
1208278.2008873927,1.52
1208378.2008873927,1.43
1208478.2008873927,1.49
1208578.2008873927,1.54
1208678.2008873927,1.51
1208778.2008873927,1.49
1208878.2008873927,1.46
1208978.2008873927,1.47
1209078.2008873927,1.43
1209178.2008873927,1.44
1209278.2008873927,1.5
1209378.2008873927,1.43
1209478.2008873927,1.41
1209578.2008873927,1.44
1209678.2008873927,1.43
1209778.2008873927,1.37
1209878.2008873927,1.39
1209978.2008873927,1.39
1210078.2008873927,1.4
1210178.2008873927,1.38
1210278.2008873927,1.37
1210378.2008873927,1.39
1210478.2008873927,1.36
1210578.2008873927,1.38
1210678.2008873927,1.4
1210778.2008873927,1.41
1210878.2008873927,1.42
1210978.2008873927,1.5
1211078.2008873927,1.48
1211178.2008873927,1.41
1211278.2008873927,1.38
1211378.2008873927,1.38
1211478.2008873927,1.38
1211578.2008873927,1.39
1211678.2008873927,1.34
1211778.2008873927,1.43
1211878.2008873927,1.41
1211978.2008873927,1.33
1212078.2008873927,1.31
1212178.2008873927,1.36
1212278.2008873927,1.34
1212378.2008873927,1.35
1212478.2008873927,1.32
1212578.2008873927,1.32
1212678.2008873927,1.29
1212778.2008873927,1.32
1212878.2008873927,1.33
1212978.2008873927,1.31
1213078.2008873927,1.31
1213178.2008873927,1.29
1213278.2008873927,1.29
1213378.2008873927,1.29
1213478.2008873927,1.32
1213578.2008873927,1.31
1213678.2008873927,1.3
1213778.2008873927,1.27
1213878.2008873927,1.31
1213978.2008873927,1.33
1214078.2008873927,1.3
1214178.2008873927,1.32
1214278.2008873927,1.28
1214378.2008873927,1.34
1214478.2008873927,1.31
1214578.2008873927,1.32
1214678.2008873927,1.32
1214778.2008873927,1.34
1214878.2008873927,1.35
1214978.2008873927,1.37
1215078.2008873927,1.34
1215178.2008873927,1.35
1215278.2008873927,1.44
1215378.2008873927,1.45
1215478.2008873927,1.36
1215578.2008873927,1.5
1215678.2008873927,1.35
1215778.2008873927,1.37
1215878.2008873927,1.37
1215978.2008873927,1.4
1216078.2008873927,1.4
1216178.2008873927,1.34
1216278.2008873927,1.37
1216378.2008873927,1.33
1216478.2008873927,1.38
1216578.2008873927,1.35
1216678.2008873927,1.35
1216778.2008873927,1.36
1216878.2008873927,1.41
1216978.2008873927,1.37
1217078.2008873927,1.39
1217178.2008873927,1.37
1217278.2008873927,1.35
1217378.2008873927,1.39
1217478.2008873927,1.41
1217578.2008873927,1.39
1217678.2008873927,1.4
1217778.2008873927,1.37
1217878.2008873927,1.37
1217978.2008873927,1.38
1218078.2008873927,1.38
1218178.2008873927,1.35
1218278.2008873927,1.36
1218378.2008873927,1.38
1218478.2008873927,1.44
1218578.2008873927,1.4
1218678.2008873927,1.4
1218778.2008873927,1.39
1218878.2008873927,1.49
1218978.2008873927,1.35
1219078.2008873927,1.39
1219178.2008873927,1.4
1219278.2008873927,1.39
1219378.2008873927,1.36
1219478.2008873927,1.37
1219578.2008873927,1.44
1219678.2008873927,1.46
1219778.2008873927,1.34
1219878.2008873927,1.31
1219978.2008873927,1.33
1220078.2008873927,1.3
1220178.2008873927,1.26
1220278.2008873927,1.31
1220378.2008873927,1.25
1220478.2008873927,1.35
1220578.2008873927,1.26
1220678.2008873927,1.28
1220778.2008873927,1.28
1220878.2008873927,1.27
1220978.2008873927,1.33
1221078.2008873927,1.41
1221178.2008873927,1.32
1221278.2008873927,1.28
1221378.2008873927,1.3
1221478.2008873927,1.35
1221578.2008873927,1.34
1221678.2008873927,1.49
1221778.2008873927,1.37
1221878.2008873927,1.35
1221978.2008873927,1.35
1222078.2008873927,1.35
1222178.2008873927,1.35
1222278.2008873927,1.35
1222378.2008873927,1.44
1222478.2008873927,1.44
1222578.2008873927,1.44
1222678.2008873927,1.39
1222778.2008873927,1.41
1222878.2008873927,1.42
1222978.2008873927,1.42
1223078.2008873927,1.42
1223178.2008873927,1.6
1223278.2008873927,1.46
1223378.2008873927,1.5
1223478.2008873927,1.49
1223578.2008873927,1.46
1223678.2008873927,1.47
1223778.2008873927,1.48
1223878.2008873927,1.49
1223978.2008873927,1.54
1224078.2008873927,1.55
1224178.2008873927,1.54
1224278.2008873927,1.56
1224378.2008873927,1.6
1224478.2008873927,1.56
1224578.2008873927,1.6
1224678.2008873927,1.64
1224778.2008873927,1.63
1224878.2008873927,1.61
1224978.2008873927,1.61
1225078.2008873927,1.61
1225178.2008873927,1.65
1225278.2008873927,1.67
1225378.2008873927,1.66
1225478.2008873927,1.69
1225578.2008873927,1.67
1225678.2008873927,1.69
1225778.2008873927,1.74
1225878.2008873927,1.71
1225978.2008873927,1.73
1226078.2008873927,1.73
1226178.2008873927,1.73
1226278.2008873927,1.73
1226378.2008873927,1.73
1226478.2008873927,1.79
1226578.2008873927,1.76
1226678.2008873927,1.78
1226778.2008873927,1.71
1226878.2008873927,1.77
1226978.2008873927,1.78
1227078.2008873927,1.81
1227178.2008873927,1.79
1227278.2008873927,1.82
1227378.2008873927,1.85
1227478.2008873927,1.8
1227578.2008873927,1.84
1227678.2008873927,1.85
1227778.2008873927,1.99
1227878.2008873927,1.84
1227978.2008873927,1.85
1228078.2008873927,1.84
1228178.2008873927,1.9
1228278.2008873927,1.85
1228378.2008873927,1.95
1228478.2008873927,1.82
1228578.2008873927,1.78
1228678.2008873927,1.72
1228778.2008873927,1.76
1228878.2008873927,1.77
1228978.2008873927,1.85
1229078.2008873927,1.78
1229178.2008873927,1.75
1229278.2008873927,1.7
1229378.2008873927,1.75
1229478.2008873927,1.74
1229578.2008873927,1.74
1229678.2008873927,1.74
1229778.2008873927,1.72
1229878.2008873927,1.81
1229978.2008873927,1.88
1230078.2008873927,1.77
1230178.2008873927,1.75
1230278.2008873927,1.78
1230378.2008873927,1.84
1230478.2008873927,1.88
1230578.2008873927,1.77
1230678.2008873927,2.05
1230778.2008873927,1.91
1230878.2008873927,2.01
1230978.2008873927,1.78
1231078.2008873927,1.91
1231178.2008873927,1.97
1231278.2008873927,1.78
1231378.2008873927,1.79
1231478.2008873927,1.84
1231578.2008873927,1.86
1231678.2008873927,1.91
1231778.2008873927,1.8
1231878.2008873927,2.03
1231978.2008873927,1.85
1232078.2008873927,1.9
1232178.2008873927,2.02
1232278.2008873927,1.93
1232378.2008873927,1.97
1232478.2008873927,1.92
1232578.2008873927,2.07
1232678.2008873927,1.98
1232778.2008873927,1.89
1232878.2008873927,2.07
1232978.2008873927,1.89
1233078.2008873927,1.89
1233178.2008873927,1.89
1233278.2008873927,2.01
1233378.2008873927,1.96
1233478.2008873927,1.96
1233578.2008873927,1.96
1233678.2008873927,1.96
1233778.2008873927,1.97
1233878.2008873927,2.04
1233978.2008873927,2.14
1234078.2008873927,2.15
1234178.2008873927,2.15
1234278.2008873927,2.15
1234378.2008873927,1.95
1234478.2008873927,1.96
1234578.2008873927,1.92
1234678.2008873927,1.92
1234778.2008873927,1.92
1234878.2008873927,1.9
1234978.2008873927,1.86
1235078.2008873927,1.93
1235178.2008873927,1.92
1235278.2008873927,1.87
1235378.2008873927,1.89
1235478.2008873927,2.03
1235578.2008873927,1.86
1235678.2008873927,1.88
1235778.2008873927,1.78
1235878.2008873927,1.88
1235978.2008873927,1.82
1236078.2008873927,1.8
1236178.2008873927,1.77
1236278.2008873927,2.05
1236378.2008873927,1.83
1236478.2008873927,1.73
1236578.2008873927,1.81
1236678.2008873927,1.8
1236778.2008873927,1.81
1236878.2008873927,1.76
1236978.2008873927,1.81
1237078.2008873927,1.77
1237178.2008873927,1.77
1237278.2008873927,1.77
1237378.2008873927,1.79
1237478.2008873927,1.76
1237578.2008873927,1.8
1237678.2008873927,1.66
1237778.2008873927,1.74
1237878.2008873927,1.96
1237978.2008873927,1.71
1238078.2008873927,1.7
1238178.2008873927,1.65
1238278.2008873927,1.79
1238378.2008873927,1.75
1238478.2008873927,1.68
1238578.2008873927,1.78
1238678.2008873927,1.76
1238778.2008873927,1.79
1238878.2008873927,1.69
1238978.2008873927,1.7
1239078.2008873927,1.81
1239178.2008873927,1.82
1239278.2008873927,1.84
1239378.2008873927,1.81
1239478.2008873927,1.85
