timestamp(ms),GPA[0].HAcc,GPS[0].NSats
82783.346,NaN,NaN
82883.346,0.69,21
82983.346,0.69,21
83083.346,0.69,22
83183.346,0.69,22
83283.346,0.68,20
83383.346,0.68,20
83483.346,0.68,21
83583.346,0.68,21
83683.346,0.68,21
83783.346,0.68,21
83883.346,0.68,20
83983.346,0.68,20
84083.346,0.68,21
84183.346,0.68,21
84283.346,0.68,21
84383.346,0.68,21
84483.346,0.68,21
84583.346,0.68,21
84683.346,0.68,21
84783.346,0.68,21
84883.346,0.68,22
84983.346,0.68,22
85083.346,0.68,21
85183.346,0.68,21
85283.346,0.68,22
85383.346,0.68,22
85483.346,0.68,21
85583.346,0.68,21
85683.346,0.68,20
85783.346,0.68,20
85883.346,0.68,21
85983.346,0.68,21
86083.346,0.68,20
86183.346,0.68,20
86283.346,0.68,20
86383.346,0.68,20
86483.346,0.68,22
86583.346,0.68,22
86683.346,0.68,22
86783.346,0.68,22
86883.346,0.68,21
86983.346,0.68,21
87083.346,0.68,19
87183.346,0.68,19
87283.346,0.68,21
87383.346,0.68,21
87483.346,0.68,20
87583.346,0.68,20
87683.346,0.68,21
87783.346,0.68,21
87883.346,0.68,20
87983.346,0.68,20
88083.346,0.68,22
88183.346,0.68,22
88283.346,0.68,22
88383.346,0.68,22
88483.346,0.68,22
88583.346,0.68,22
88683.346,0.67,22
88783.346,0.67,22
88883.346,0.67,22
88983.346,0.67,22
89083.346,0.67,21
89183.346,0.67,21
89283.346,0.67,21
89383.346,0.67,21
89483.346,0.67,20
89583.346,0.67,20
89683.346,0.67,21
89783.346,0.67,21
89883.346,0.67,22
89983.346,0.67,22
90083.346,0.67,22
90183.346,0.67,22
90283.346,0.67,22
90383.346,0.67,22
90483.346,0.67,22
90583.346,0.67,22
90683.346,0.67,21
90783.346,0.67,21
90883.346,0.67,21
90983.346,0.67,21
91083.346,0.67,21
91183.346,0.67,21
91283.346,0.66,21
91383.346,0.66,21
91483.346,0.66,21
91583.346,0.66,21
91683.346,0.66,20
91783.346,0.66,20
91883.346,0.66,20
91983.346,0.66,20
92083.346,0.66,20
92183.346,0.66,20
92283.346,0.66,21
92383.346,0.66,21
92483.346,0.66,20
92583.346,0.66,20
92683.346,0.66,21
92783.346,0.66,21
92883.346,0.66,22
92983.346,0.66,22
93083.346,0.66,21
93183.346,0.66,21
93283.346,0.66,21
93383.346,0.66,21
93483.346,0.66,21
93583.346,0.66,21
93683.346,0.66,20
93783.346,0.66,20
93883.346,0.66,21
93983.346,0.66,21
94083.346,0.66,22
94183.346,0.66,22
94283.346,0.66,22
94383.346,0.66,22
94483.346,0.67,22
94583.346,0.67,22
94683.346,0.67,22
94783.346,0.67,22
94883.346,0.66,20
94983.346,0.66,20
95083.346,0.65,20
95183.346,0.65,20
95283.346,0.65,21
95383.346,0.65,21
95483.346,0.65,21
95583.346,0.65,21
95683.346,0.65,20
95783.346,0.65,20
95883.346,0.65,19
95983.346,0.65,19
96083.346,0.65,19
96183.346,0.65,19
96283.346,0.65,19
96383.346,0.65,19
96483.346,0.65,21
96583.346,0.65,21
96683.346,0.65,21
96783.346,0.65,21
96883.346,0.65,20
96983.346,0.65,20
97083.346,0.65,21
97183.346,0.65,21
97283.346,0.65,21
97383.346,0.65,21
97483.346,0.65,20
97583.346,0.65,20
97683.346,0.65,20
97783.346,0.65,20
97883.346,0.65,21
97983.346,0.65,21
98083.346,0.65,21
98183.346,0.65,21
98283.346,0.65,19
98383.346,0.65,19
98483.346,0.65,20
98583.346,0.65,20
98683.346,0.65,20
98783.346,0.65,20
98883.346,0.65,21
98983.346,0.65,21
99083.346,0.65,21
99183.346,0.65,21
99283.346,0.65,21
99383.346,0.65,21
99483.346,0.65,19
99583.346,0.65,19
99683.346,0.65,19
99783.346,0.65,19
99883.346,0.65,19
99983.346,0.65,19
100083.346,0.65,21
100183.346,0.65,21
100283.346,0.65,21
100383.346,0.65,21
100483.346,0.65,19
100583.346,0.65,19
100683.346,0.65,20
100783.346,0.65,20
100883.346,0.65,21
100983.346,0.65,21
101083.346,0.65,20
101183.346,0.65,20
101283.346,0.65,19
101383.346,0.65,19
101483.346,0.65,20
101583.346,0.65,20
101683.346,0.65,21
101783.346,0.65,21
101883.346,0.65,19
101983.346,0.65,19
102083.346,0.65,19
102183.346,0.65,19
102283.346,0.65,19
102383.346,0.65,19
102483.346,0.65,20
102583.346,0.65,20
102683.346,0.65,19
102783.346,0.65,19
102883.346,0.65,18
102983.346,0.65,18
103083.346,0.65,21
103183.346,0.65,21
103283.346,0.65,20
103383.346,0.65,20
103483.346,0.65,19
103583.346,0.65,19
103683.346,0.65,20
103783.346,0.65,20
103883.346,0.65,19
103983.346,0.65,19
104083.346,0.65,19
104183.346,0.65,19
104283.346,0.65,19
104383.346,0.65,19
104483.346,0.65,20
104583.346,0.65,20
104683.346,0.65,20
104783.346,0.65,20
104883.346,0.65,21
104983.346,0.65,21
105083.346,0.65,22
105183.346,0.65,22
105283.346,0.65,21
105383.346,0.65,21
105483.346,0.65,21
105583.346,0.65,21
105683.346,0.65,20
105783.346,0.65,20
105883.346,0.65,20
105983.346,0.65,20
106083.346,0.65,21
106183.346,0.65,21
106283.346,0.65,20
106383.346,0.65,20
106483.346,0.65,20
106583.346,0.65,20
106683.346,0.65,20
106783.346,0.65,20
106883.346,0.65,20
106983.346,0.65,20
107083.346,0.65,22
107183.346,0.65,22
107283.346,0.65,21
107383.346,0.65,21
107483.346,0.65,22
107583.346,0.65,22
107683.346,0.65,22
107783.346,0.65,22
107883.346,0.65,21
107983.346,0.65,21
108083.346,0.65,21
108183.346,0.65,21
108283.346,0.65,20
108383.346,0.65,20
108483.346,0.65,20
108583.346,0.65,20
108683.346,0.64,19
108783.346,0.64,19
108883.346,0.64,21
108983.346,0.64,21
109083.346,0.64,21
109183.346,0.64,21
109283.346,0.64,21
109383.346,0.64,21
109483.346,0.64,21
109583.346,0.64,21
109683.346,0.64,20
109783.346,0.64,20
109883.346,0.64,19
109983.346,0.64,19
110083.346,0.64,20
110183.346,0.64,20
110283.346,0.64,20
110383.346,0.64,20
110483.346,0.64,21
110583.346,0.64,21
110683.346,0.64,21
110783.346,0.64,21
110883.346,0.64,20
110983.346,0.64,20
111083.346,0.64,20
111183.346,0.64,20
111283.346,0.64,21
111383.346,0.64,21
111483.346,0.64,21
111583.346,0.64,21
111683.346,0.64,21
111783.346,0.64,21
111883.346,0.64,21
111983.346,0.64,21
112083.346,0.64,21
112183.346,0.64,21
112283.346,0.64,21
112383.346,0.64,21
112483.346,0.64,21
112583.346,0.64,21
112683.346,0.64,21
112783.346,0.64,21
112883.346,0.64,20
112983.346,0.64,20
113083.346,0.64,20
113183.346,0.64,20
113283.346,0.64,19
113383.346,0.64,19
113483.346,0.64,19
113583.346,0.64,19
113683.346,0.64,20
113783.346,0.64,20
113883.346,0.64,21
113983.346,0.64,21
114083.346,0.64,21
114183.346,0.64,21
114283.346,0.64,21
114383.346,0.64,21
114483.346,0.64,20
114583.346,0.64,20
114683.346,0.64,20
114783.346,0.64,20
114883.346,0.64,20
114983.346,0.64,20
115083.346,0.64,19
115183.346,0.64,19
115283.346,0.64,20
115383.346,0.64,20
115483.346,0.64,21
115583.346,0.64,21
115683.346,0.64,21
115783.346,0.64,21
115883.346,0.64,21
115983.346,0.64,21
116083.346,0.64,20
116183.346,0.64,20
116283.346,0.64,18
116383.346,0.64,18
116483.346,0.64,21
116583.346,0.64,21
116683.346,0.64,20
116783.346,0.64,20
116883.346,0.64,20
116983.346,0.64,20
117083.346,0.64,20
117183.346,0.64,20
117283.346,0.64,21
117383.346,0.64,21
117483.346,0.64,21
117583.346,0.64,21
117683.346,0.64,21
117783.346,0.64,21
117883.346,0.64,21
117983.346,0.64,21
118083.346,0.64,19
118183.346,0.64,19
118283.346,0.64,19
118383.346,0.64,19
118483.346,0.64,20
118583.346,0.64,20
118683.346,0.64,20
118783.346,0.64,20
118883.346,0.64,19
118983.346,0.64,19
119083.346,0.64,19
119183.346,0.64,19
119283.346,0.64,20
119383.346,0.64,20
119483.346,0.63,20
119583.346,0.63,20
119683.346,0.63,20
119783.346,0.63,20
119883.346,0.63,19
119983.346,0.63,19
120083.346,0.63,19
120183.346,0.63,19
120283.346,0.63,20
120383.346,0.63,20
120483.346,0.63,20
120583.346,0.63,20
120683.346,0.63,21
120783.346,0.63,21
120883.346,0.63,21
120983.346,0.63,21
121083.346,0.63,21
121183.346,0.63,21
121283.346,0.63,19
121383.346,0.63,19
121483.346,0.63,20
121583.346,0.63,20
121683.346,0.63,19
121783.346,0.63,19
121883.346,0.63,20
121983.346,0.63,20
122083.346,0.63,20
122183.346,0.63,20
122283.346,0.63,19
122383.346,0.63,19
122483.346,0.63,20
122583.346,0.63,20
122683.346,0.62,20
122783.346,0.62,20
122883.346,0.62,20
122983.346,0.62,20
123083.346,0.62,20
123183.346,0.62,20
123283.346,0.62,22
123383.346,0.62,22
123483.346,0.62,22
123583.346,0.62,22
123683.346,0.62,20
123783.346,0.62,20
123883.346,0.62,20
123983.346,0.62,20
124083.346,0.62,20
124183.346,0.62,20
124283.346,0.62,21
124383.346,0.62,21
124483.346,0.62,21
124583.346,0.62,21
124683.346,0.62,20
124783.346,0.62,20
124883.346,0.62,21
124983.346,0.62,21
125083.346,0.62,20
125183.346,0.62,20
125283.346,0.62,20
125383.346,0.62,20
125483.346,0.62,20
125583.346,0.62,20
125683.346,0.62,19
125783.346,0.62,19
125883.346,0.62,21
125983.346,0.62,21
126083.346,0.62,21
126183.346,0.62,21
126283.346,0.62,20
126383.346,0.62,20
126483.346,0.62,20
126583.346,0.62,20
126683.346,0.62,19
126783.346,0.62,19
126883.346,0.62,20
126983.346,0.62,20
127083.346,0.62,21
127183.346,0.62,21
127283.346,0.62,21
127383.346,0.62,21
127483.346,0.62,21
127583.346,0.62,21
127683.346,0.62,21
127783.346,0.62,21
127883.346,0.62,21
127983.346,0.62,21
128083.346,0.61,21
128183.346,0.61,21
128283.346,0.61,22
128383.346,0.61,22
128483.346,0.61,21
128583.346,0.61,21
128683.346,0.61,20
128783.346,0.61,20
128883.346,0.61,22
128983.346,0.61,22
129083.346,0.61,21
129183.346,0.61,21
129283.346,0.61,21
129383.346,0.61,21
129483.346,0.61,22
129583.346,0.61,22
129683.346,0.61,21
129783.346,0.61,21
129883.346,0.61,22
129983.346,0.61,22
130083.346,0.61,21
130183.346,0.61,21
130283.346,0.61,21
130383.346,0.61,21
130483.346,0.61,20
130583.346,0.61,20
130683.346,0.61,21
130783.346,0.61,21
130883.346,0.61,21
130983.346,0.61,21
131083.34600000002,0.61,22
131183.34600000002,0.61,22
131283.34600000002,0.61,21
131383.34600000002,0.61,21
131483.34600000002,0.61,22
131583.34600000002,0.61,22
131683.34600000002,0.6,20
131783.34600000002,0.6,20
131883.34600000002,0.6,21
131983.34600000002,0.6,21
132083.34600000002,0.6,21
132183.34600000002,0.6,21
132283.34600000002,0.6,21
132383.34600000002,0.6,21
132483.34600000002,0.6,21
132583.34600000002,0.6,21
132683.34600000002,0.6,22
132783.34600000002,0.6,22
132883.34600000002,0.6,22
132983.34600000002,0.6,22
133083.34600000002,0.6,21
133183.34600000002,0.6,21
133283.34600000002,0.6,22
133383.34600000002,0.6,22
133483.34600000002,0.6,20
133583.34600000002,0.6,20
133683.34600000002,0.6,20
133783.34600000002,0.6,20
133883.34600000002,0.6,20
133983.34600000002,0.6,20
134083.34600000002,0.6,20
134183.34600000002,0.6,20
134283.34600000002,0.6,21
134383.34600000002,0.6,21
134483.34600000002,0.6,20
134583.34600000002,0.6,20
134683.34600000002,0.6,20
134783.34600000002,0.6,20
134883.34600000002,0.6,20
134983.34600000002,0.6,20
135083.34600000002,0.6,21
135183.34600000002,0.6,21
135283.34600000002,0.6,20
135383.34600000002,0.6,20
135483.34600000002,0.6,21
135583.34600000002,0.6,21
135683.34600000002,0.6,20
135783.34600000002,0.6,20
135883.34600000002,0.6,21
135983.34600000002,0.6,21
136083.34600000002,0.6,22
136183.34600000002,0.6,22
136283.34600000002,0.6,21
136383.34600000002,0.6,21
136483.34600000002,0.6,21
136583.34600000002,0.6,21
136683.34600000002,0.6,21
136783.34600000002,0.6,21
136883.34600000002,0.6,21
136983.34600000002,0.6,21
137083.34600000002,0.6,20
137183.34600000002,0.6,20
137283.34600000002,0.6,21
137383.34600000002,0.6,21
137483.34600000002,0.6,21
137583.34600000002,0.6,21
137683.34600000002,0.6,20
137783.34600000002,0.6,20
137883.34600000002,0.6,21
137983.34600000002,0.6,21
138083.34600000002,0.6,21
138183.34600000002,0.6,21
138283.34600000002,0.6,21
138383.34600000002,0.6,21
138483.34600000002,0.6,21
138583.34600000002,0.6,21
138683.34600000002,0.6,20
138783.34600000002,0.6,20
138883.34600000002,0.6,21
138983.34600000002,0.6,21
139083.34600000002,0.6,21
139183.34600000002,0.6,21
139283.34600000002,0.6,22
139383.34600000002,0.6,22
139483.34600000002,0.6,21
139583.34600000002,0.6,21
139683.34600000002,0.6,21
139783.34600000002,0.6,21
139883.34600000002,0.6,21
139983.34600000002,0.6,21
140083.34600000002,0.6,20
140183.34600000002,0.6,20
140283.34600000002,0.6,20
140383.34600000002,0.6,20
140483.34600000002,0.6,21
140583.34600000002,0.6,21
140683.34600000002,0.6,21
140783.34600000002,0.6,21
140883.34600000002,0.6,22
140983.34600000002,0.6,22
141083.34600000002,0.6,22
141183.34600000002,0.6,22
141283.34600000002,0.6,22
141383.34600000002,0.6,22
141483.34600000002,0.6,21
141583.34600000002,0.6,21
141683.34600000002,0.6,22
141783.34600000002,0.6,22
141883.34600000002,0.6,22
141983.34600000002,0.6,22
142083.34600000002,0.6,21
142183.34600000002,0.6,21
142283.34600000002,0.6,20
142383.34600000002,0.6,20
142483.34600000002,0.6,19
142583.34600000002,0.6,19
142683.34600000002,0.6,20
142783.34600000002,0.6,20
142883.34600000002,0.59,21
142983.34600000002,0.59,21
143083.34600000002,0.59,21
143183.34600000002,0.59,21
143283.34600000002,0.59,21
143383.34600000002,0.59,21
143483.34600000002,0.59,21
143583.34600000002,0.59,21
143683.34600000002,0.59,20
143783.34600000002,0.59,20
143883.34600000002,0.59,21
143983.34600000002,0.59,21
144083.34600000002,0.59,21
144183.34600000002,0.59,21
144283.34600000002,0.59,21
144383.34600000002,0.59,21
144483.34600000002,0.59,21
144583.34600000002,0.59,21
144683.34600000002,0.59,22
144783.34600000002,0.59,22
144883.34600000002,0.59,21
144983.34600000002,0.59,21
145083.34600000002,0.59,21
145183.34600000002,0.59,21
145283.34600000002,0.59,21
145383.34600000002,0.59,21
145483.34600000002,0.59,20
145583.34600000002,0.59,20
145683.34600000002,0.59,19
145783.34600000002,0.59,19
145883.34600000002,0.59,21
145983.34600000002,0.59,21
146083.34600000002,0.59,20
146183.34600000002,0.59,20
146283.34600000002,0.59,20
146383.34600000002,0.59,20
146483.34600000002,0.59,20
146583.34600000002,0.59,20
146683.34600000002,0.59,21
146783.34600000002,0.59,21
146883.34600000002,0.59,21
146983.34600000002,0.59,21
147083.34600000002,0.59,21
147183.34600000002,0.59,21
147283.34600000002,0.59,22
147383.34600000002,0.59,22
147483.34600000002,0.59,19
147583.34600000002,0.59,19
147683.34600000002,0.59,19
147783.34600000002,0.59,19
147883.34600000002,0.59,21
147983.34600000002,0.59,21
148083.34600000002,0.59,20
148183.34600000002,0.59,20
148283.34600000002,0.59,21
148383.34600000002,0.59,21
148483.34600000002,0.59,21
148583.34600000002,0.59,21
148683.34600000002,0.59,21
148783.34600000002,0.59,21
148883.34600000002,0.59,20
148983.34600000002,0.59,20
149083.34600000002,0.59,19
149183.34600000002,0.59,19
149283.34600000002,0.59,19
149383.34600000002,0.59,19
149483.34600000002,0.59,20
149583.34600000002,0.59,20
149683.34600000002,0.59,21
149783.34600000002,0.59,21
149883.34600000002,0.59,20
149983.34600000002,0.59,20
150083.34600000002,0.59,20
150183.34600000002,0.59,20
150283.34600000002,0.59,21
150383.34600000002,0.59,21
150483.34600000002,0.59,22
150583.34600000002,0.59,22
150683.34600000002,0.59,21
150783.34600000002,0.59,21
150883.34600000002,0.59,20
150983.34600000002,0.59,20
151083.34600000002,0.59,19
151183.34600000002,0.59,19
151283.34600000002,0.59,19
151383.34600000002,0.59,19
151483.34600000002,0.59,22
151583.34600000002,0.59,22
151683.34600000002,0.59,22
151783.34600000002,0.59,22
151883.34600000002,0.59,20
151983.34600000002,0.59,20
152083.34600000002,0.59,19
152183.34600000002,0.59,19
152283.34600000002,0.59,19
152383.34600000002,0.59,19
152483.34600000002,0.58,18
152583.34600000002,0.58,18
152683.34600000002,0.58,22
152783.34600000002,0.58,22
152883.34600000002,0.58,21
152983.34600000002,0.58,21
153083.34600000002,0.58,20
153183.34600000002,0.58,20
153283.34600000002,0.58,19
153383.34600000002,0.58,19
153483.34600000002,0.58,20
153583.34600000002,0.58,20
153683.34600000002,0.58,20
153783.34600000002,0.58,20
153883.34600000002,0.58,20
153983.34600000002,0.58,20
154083.34600000002,0.58,20
154183.34600000002,0.58,20
154283.34600000002,0.58,20
154383.34600000002,0.58,20
154483.34600000002,0.58,19
154583.34600000002,0.58,19
154683.34600000002,0.58,21
154783.34600000002,0.58,21
154883.34600000002,0.58,20
154983.34600000002,0.58,20
155083.34600000002,0.58,22
155183.34600000002,0.58,22
155283.34600000002,0.58,22
155383.34600000002,0.58,22
155483.34600000002,0.57,22
155583.34600000002,0.57,22
155683.34600000002,0.57,21
155783.34600000002,0.57,21
155883.34600000002,0.57,21
155983.34600000002,0.57,21
156083.34600000002,0.57,21
156183.34600000002,0.57,21
156283.34600000002,0.57,21
156383.34600000002,0.57,21
156483.34600000002,0.57,20
156583.34600000002,0.57,20
156683.34600000002,0.57,22
156783.34600000002,0.57,22
156883.34600000002,0.57,22
156983.34600000002,0.57,22
157083.34600000002,0.57,22
157183.34600000002,0.57,22
157283.34600000002,0.57,20
157383.34600000002,0.57,20
157483.34600000002,0.57,19
157583.34600000002,0.57,19
157683.34600000002,0.57,20
157783.34600000002,0.57,20
157883.34600000002,0.57,21
157983.34600000002,0.57,21
158083.34600000002,0.57,22
158183.34600000002,0.57,22
158283.34600000002,0.57,22
158383.34600000002,0.57,22
158483.34600000002,0.6,22
158583.34600000002,0.6,22
158683.34600000002,0.61,22
158783.34600000002,0.61,22
158883.34600000002,0.61,22
158983.34600000002,0.61,22
159083.34600000002,0.61,21
159183.34600000002,0.61,21
159283.34600000002,0.63,19
159383.34600000002,0.63,19
159483.34600000002,0.63,21
159583.34600000002,0.63,21
159683.34600000002,0.62,21
159783.34600000002,0.62,21
159883.34600000002,0.59,20
159983.34600000002,0.59,20
160083.34600000002,0.57,20
160183.34600000002,0.57,20
160283.34600000002,0.57,20
160383.34600000002,0.57,20
160483.34600000002,0.57,19
160583.34600000002,0.57,19
160683.34600000002,0.57,20
160783.34600000002,0.57,20
160883.34600000002,0.57,21
160983.34600000002,0.57,21
161083.34600000002,0.57,22
161183.34600000002,0.57,22
161283.34600000002,0.57,21
161383.34600000002,0.57,21
161483.34600000002,0.57,21
161583.34600000002,0.57,21
161683.34600000002,0.57,22
161783.34600000002,0.57,22
161883.34600000002,0.57,22
161983.34600000002,0.57,22
162083.34600000002,0.57,22
162183.34600000002,0.57,22
162283.34600000002,0.57,20
162383.34600000002,0.57,20
162483.34600000002,0.57,19
162583.34600000002,0.57,19
162683.34600000002,0.57,20
162783.34600000002,0.57,20
162883.34600000002,0.57,21
162983.34600000002,0.57,21
163083.34600000002,0.57,21
163183.34600000002,0.57,21
163283.34600000002,0.57,20
163383.34600000002,0.57,20
163483.34600000002,0.57,22
163583.34600000002,0.57,22
163683.34600000002,0.57,21
163783.34600000002,0.57,21
163883.34600000002,0.57,20
163983.34600000002,0.57,20
164083.34600000002,0.57,19
164183.34600000002,0.57,19
164283.34600000002,0.57,20
164383.34600000002,0.57,20
164483.34600000002,0.57,20
164583.34600000002,0.57,20
164683.34600000002,0.57,21
164783.34600000002,0.57,21
164883.34600000002,0.57,19
164983.34600000002,0.57,19
165083.34600000002,0.57,19
165183.34600000002,0.57,19
165283.34600000002,0.57,21
165383.34600000002,0.57,21
165483.34600000002,0.57,20
165583.34600000002,0.57,20
165683.34600000002,0.57,21
165783.34600000002,0.57,21
165883.34600000002,0.57,22
165983.34600000002,0.57,22
166083.34600000002,0.57,21
166183.34600000002,0.57,21
166283.34600000002,0.58,21
166383.34600000002,0.58,21
166483.34600000002,0.58,21
166583.34600000002,0.58,21
166683.34600000002,0.58,19
166783.34600000002,0.58,19
166883.34600000002,0.58,18
166983.34600000002,0.58,18
167083.34600000002,0.58,21
167183.34600000002,0.58,21
167283.34600000002,0.58,20
167383.34600000002,0.58,20
167483.34600000002,0.58,21
167583.34600000002,0.58,21
167683.34600000002,0.58,21
167783.34600000002,0.58,21
167883.34600000002,0.58,19
167983.34600000002,0.58,19
168083.34600000002,0.58,19
168183.34600000002,0.58,19
168283.34600000002,0.58,19
168383.34600000002,0.58,19
168483.34600000002,0.58,20
168583.34600000002,0.58,20
168683.34600000002,0.58,20
168783.34600000002,0.58,20
168883.34600000002,0.58,21
168983.34600000002,0.58,21
169083.34600000002,0.58,20
169183.34600000002,0.58,20
169283.34600000002,0.58,21
169383.34600000002,0.58,21
169483.34600000002,0.58,20
169583.34600000002,0.58,20
169683.34600000002,0.58,21
169783.34600000002,0.58,21
169883.34600000002,0.58,22
169983.34600000002,0.58,22
170083.34600000002,0.58,21
170183.34600000002,0.58,21
170283.34600000002,0.58,21
170383.34600000002,0.58,21
170483.34600000002,0.58,22
170583.34600000002,0.58,22
170683.34600000002,0.58,22
170783.34600000002,0.58,22
170883.34600000002,0.58,22
170983.34600000002,0.58,22
171083.34600000002,0.58,21
171183.34600000002,0.58,21
171283.34600000002,0.59,20
171383.34600000002,0.59,20
171483.34600000002,0.59,21
171583.34600000002,0.59,21
171683.34600000002,0.59,20
171783.34600000002,0.59,20
171883.34600000002,0.59,22
171983.34600000002,0.59,22
172083.34600000002,0.59,22
172183.34600000002,0.59,22
172283.34600000002,0.59,20
172383.34600000002,0.59,20
172483.34600000002,0.59,21
172583.34600000002,0.59,21
172683.34600000002,0.59,20
172783.34600000002,0.59,20
172883.34600000002,0.59,20
172983.34600000002,0.59,20
173083.34600000002,0.59,19
173183.34600000002,0.59,19
173283.34600000002,0.59,19
173383.34600000002,0.59,19
173483.34600000002,0.59,19
173583.34600000002,0.59,19
173683.34600000002,0.59,20
173783.34600000002,0.59,20
173883.34600000002,0.59,20
173983.34600000002,0.59,20
174083.34600000002,0.59,19
174183.34600000002,0.59,19
174283.34600000002,0.59,20
174383.34600000002,0.59,20
174483.34600000002,0.59,20
174583.34600000002,0.59,20
174683.34600000002,0.59,21
174783.34600000002,0.59,21
174883.34600000002,0.59,21
174983.34600000002,0.59,21
175083.34600000002,0.59,20
175183.34600000002,0.59,20
175283.34600000002,0.59,19
175383.34600000002,0.59,19
175483.34600000002,0.59,20
175583.34600000002,0.59,20
175683.34600000002,0.59,20
175783.34600000002,0.59,20
175883.34600000002,0.59,19
175983.34600000002,0.59,19
176083.34600000002,0.59,18
176183.34600000002,0.59,18
176283.34600000002,0.59,18
176383.34600000002,0.59,18
176483.34600000002,0.59,19
176583.34600000002,0.59,19
176683.34600000002,0.59,20
176783.34600000002,0.59,20
176883.34600000002,0.59,20
176983.34600000002,0.59,20
177083.34600000002,0.59,20
177183.34600000002,0.59,20
177283.34600000002,0.59,19
177383.34600000002,0.59,19
177483.34600000002,0.59,20
177583.34600000002,0.59,20
177683.34600000002,0.59,20
177783.34600000002,0.59,20
177883.34600000002,0.59,20
177983.34600000002,0.59,20
178083.34600000002,0.59,19
178183.34600000002,0.59,19
178283.34600000002,0.59,20
178383.34600000002,0.59,20
178483.34600000002,0.59,20
178583.34600000002,0.59,20
178683.34600000002,0.59,19
178783.34600000002,0.59,19
178883.34600000002,0.59,20
178983.34600000002,0.59,20
179083.34600000002,0.59,20
179183.34600000002,0.59,20
179283.34600000002,0.59,20
179383.34600000002,0.59,20
179483.34600000002,0.59,19
179583.34600000002,0.59,19
179683.34600000002,0.59,20
179783.34600000002,0.59,20
179883.34600000002,0.58,20
179983.34600000002,0.58,20
180083.34600000002,0.58,20
180183.34600000002,0.58,20
180283.34600000002,0.58,20
180383.34600000002,0.58,20
180483.34600000002,0.58,20
180583.34600000002,0.58,20
180683.34600000002,0.58,20
180783.34600000002,0.58,20
180883.34600000002,0.58,21
180983.34600000002,0.58,21
181083.34600000002,0.58,20
181183.34600000002,0.58,20
181283.34600000002,0.58,20
181383.34600000002,0.58,20
181483.34600000002,0.58,21
181583.34600000002,0.58,21
181683.34600000002,0.58,21
181783.34600000002,0.58,21
181883.34600000002,0.58,21
181983.34600000002,0.58,21
182083.34600000002,0.58,21
182183.34600000002,0.58,21
182283.34600000002,0.58,21
182383.34600000002,0.58,21
182483.34600000002,0.58,21
182583.34600000002,0.58,21
182683.34600000002,0.58,21
182783.34600000002,0.58,21
182883.34600000002,0.58,21
182983.34600000002,0.58,21
183083.34600000002,0.58,20
183183.34600000002,0.58,20
183283.34600000002,0.58,21
183383.34600000002,0.58,21
183483.34600000002,0.58,21
183583.34600000002,0.58,21
183683.34600000002,0.58,20
183783.34600000002,0.58,20
183883.34600000002,0.58,21
183983.34600000002,0.58,21
184083.34600000002,0.58,21
184183.34600000002,0.58,21
184283.34600000002,0.58,20
184383.34600000002,0.58,20
184483.34600000002,0.58,21
184583.34600000002,0.58,21
184683.34600000002,0.58,20
184783.34600000002,0.58,20
184883.34600000002,0.58,21
184983.34600000002,0.58,21
185083.34600000002,0.58,21
185183.34600000002,0.58,21
185283.34600000002,0.58,21
185383.34600000002,0.58,21
185483.34600000002,0.58,21
185583.34600000002,0.58,21
185683.34600000002,0.58,20
185783.34600000002,0.58,20
185883.34600000002,0.58,20
185983.34600000002,0.58,20
186083.34600000002,0.58,20
186183.34600000002,0.58,20
186283.34600000002,0.58,22
186383.34600000002,0.58,22
186483.34600000002,0.58,22
186583.34600000002,0.58,22
186683.34600000002,0.58,22
186783.34600000002,0.58,22
186883.34600000002,0.58,22
186983.34600000002,0.58,22
187083.34600000002,0.58,21
187183.34600000002,0.58,21
187283.34600000002,0.58,20
187383.34600000002,0.58,20
187483.34600000002,0.58,21
187583.34600000002,0.58,21
187683.34600000002,0.58,20
187783.34600000002,0.58,20
187883.34600000002,0.58,20
187983.34600000002,0.58,20
188083.34600000002,0.58,22
188183.34600000002,0.58,22
188283.34600000002,0.58,21
188383.34600000002,0.58,21
188483.34600000002,0.58,21
188583.34600000002,0.58,21
188683.34600000002,0.58,20
188783.34600000002,0.58,20
188883.34600000002,0.58,19
188983.34600000002,0.58,19
189083.34600000002,0.58,19
189183.34600000002,0.58,19
189283.34600000002,0.58,19
189383.34600000002,0.58,19
189483.34600000002,0.58,20
189583.34600000002,0.58,20
189683.34600000002,0.58,20
189783.34600000002,0.58,20
189883.34600000002,0.58,19
189983.34600000002,0.58,19
190083.34600000002,0.58,20
190183.34600000002,0.58,20
190283.34600000002,0.58,19
190383.34600000002,0.58,19
190483.34600000002,0.58,21
190583.34600000002,0.58,21
190683.34600000002,0.58,20
190783.34600000002,0.58,20
190883.34600000002,0.57,20
190983.34600000002,0.57,20
191083.34600000002,0.57,19
191183.34600000002,0.57,19
191283.34600000002,0.57,20
191383.34600000002,0.57,20
191483.34600000002,0.57,20
191583.34600000002,0.57,20
191683.34600000002,0.57,20
191783.34600000002,0.57,20
191883.34600000002,0.57,20
191983.34600000002,0.57,20
192083.34600000002,0.58,21
192183.34600000002,0.58,21
192283.34600000002,0.58,20
192383.34600000002,0.58,20
192483.34600000002,0.58,20
192583.34600000002,0.58,20
192683.34600000002,0.58,21
192783.34600000002,0.58,21
192883.34600000002,0.58,19
192983.34600000002,0.58,19
193083.34600000002,0.58,20
193183.34600000002,0.58,20
193283.34600000002,0.58,21
193383.34600000002,0.58,21
193483.34600000002,0.58,21
193583.34600000002,0.58,21
193683.34600000002,0.58,20
193783.34600000002,0.58,20
193883.34600000002,0.58,20
193983.34600000002,0.58,20
194083.34600000002,0.58,21
194183.34600000002,0.58,21
194283.34600000002,0.58,20
194383.34600000002,0.58,20
194483.34600000002,0.58,20
194583.34600000002,0.58,20
194683.34600000002,0.58,20
194783.34600000002,0.58,20
194883.34600000002,0.58,20
194983.34600000002,0.58,20
195083.34600000002,0.58,21
195183.34600000002,0.58,21
195283.34600000002,0.58,20
195383.34600000002,0.58,20
195483.34600000002,0.59,21
195583.34600000002,0.59,21
195683.34600000002,0.59,20
195783.34600000002,0.59,20
195883.34600000002,0.59,22
195983.34600000002,0.59,22
196083.34600000002,0.59,20
196183.34600000002,0.59,20
196283.34600000002,0.59,21
196383.34600000002,0.59,21
196483.34600000002,0.59,20
196583.34600000002,0.59,20
196683.34600000002,0.59,21
196783.34600000002,0.59,21
196883.34600000002,0.59,20
196983.34600000002,0.59,20
197083.34600000002,0.59,21
197183.34600000002,0.59,21
197283.34600000002,0.59,21
197383.34600000002,0.59,21
197483.34600000002,0.59,21
197583.34600000002,0.59,21
197683.34600000002,0.59,21
197783.34600000002,0.59,21
197883.34600000002,0.59,21
197983.34600000002,0.59,21
198083.34600000002,0.59,21
198183.34600000002,0.59,21
198283.34600000002,0.59,21
198383.34600000002,0.59,21
198483.34600000002,0.59,20
198583.34600000002,0.59,20
198683.34600000002,0.59,21
198783.34600000002,0.59,21
198883.34600000002,0.59,21
198983.34600000002,0.59,21
199083.34600000002,0.59,20
199183.34600000002,0.59,20
199283.34600000002,0.59,22
199383.34600000002,0.59,22
199483.34600000002,0.59,22
199583.34600000002,0.59,22
199683.34600000002,0.58,22
199783.34600000002,0.58,22
199883.34600000002,0.58,22
199983.34600000002,0.58,22
200083.34600000002,0.58,22
200183.34600000002,0.58,22
200283.34600000002,0.58,21
200383.34600000002,0.58,21
200483.34600000002,0.58,21
200583.34600000002,0.58,21
200683.34600000002,0.58,22
200783.34600000002,0.58,22
200883.34600000002,0.58,22
200983.34600000002,0.58,22
201083.34600000002,0.58,22
201183.34600000002,0.58,22
201283.34600000002,0.58,22
201383.34600000002,0.58,22
201483.34600000002,0.58,21
201583.34600000002,0.58,21
201683.34600000002,0.58,20
201783.34600000002,0.58,20
201883.34600000002,0.58,21
201983.34600000002,0.58,21
202083.34600000002,0.58,20
202183.34600000002,0.58,20
202283.34600000002,0.58,20
202383.34600000002,0.58,20
202483.34600000002,0.58,21
202583.34600000002,0.58,21
202683.34600000002,0.58,21
202783.34600000002,0.58,21
202883.34600000002,0.58,20
202983.34600000002,0.58,20
203083.34600000002,0.58,21
203183.34600000002,0.58,21
203283.34600000002,0.58,20
203383.34600000002,0.58,20
203483.34600000002,0.58,19
203583.34600000002,0.58,19
203683.34600000002,0.58,19
203783.34600000002,0.58,19
203883.34600000002,0.58,20
203983.34600000002,0.58,20
204083.34600000002,0.58,20
204183.34600000002,0.58,20
204283.34600000002,0.58,21
204383.34600000002,0.58,21
204483.34600000002,0.58,21
204583.34600000002,0.58,21
204683.34600000002,0.58,20
204783.34600000002,0.58,20
204883.34600000002,0.58,20
204983.34600000002,0.58,20
205083.34600000002,0.58,20
205183.34600000002,0.58,20
205283.34600000002,0.58,20
205383.34600000002,0.58,20
205483.34600000002,0.58,20
205583.34600000002,0.58,20
205683.34600000002,0.58,21
205783.34600000002,0.58,21
205883.34600000002,0.58,20
205983.34600000002,0.58,20
206083.34600000002,0.58,20
206183.34600000002,0.58,20
206283.34600000002,0.57,20
206383.34600000002,0.57,20
206483.34600000002,0.57,21
206583.34600000002,0.57,21
206683.34600000002,0.57,21
206783.34600000002,0.57,21
206883.34600000002,0.57,20
206983.34600000002,0.57,20
207083.34600000002,0.57,19
207183.34600000002,0.57,19
207283.34600000002,0.57,19
207383.34600000002,0.57,19
207483.34600000002,0.58,19
207583.34600000002,0.58,19
207683.34600000002,0.58,19
207783.34600000002,0.58,19
207883.34600000002,0.58,19
207983.34600000002,0.58,19
208083.34600000002,0.58,20
208183.34600000002,0.58,20
208283.34600000002,0.58,21
208383.34600000002,0.58,21
208483.34600000002,0.57,20
208583.34600000002,0.57,20
208683.34600000002,0.57,20
208783.34600000002,0.57,20
208883.34600000002,0.57,20
208983.34600000002,0.57,20
209083.34600000002,0.57,21
209183.34600000002,0.57,21
209283.34600000002,0.57,20
209383.34600000002,0.57,20
209483.34600000002,0.57,20
209583.34600000002,0.57,20
209683.34600000002,0.57,20
209783.34600000002,0.57,20
209883.34600000002,0.57,20
209983.34600000002,0.57,20
210083.34600000002,0.57,19
210183.34600000002,0.57,19
210283.34600000002,0.57,21
210383.34600000002,0.57,21
210483.34600000002,0.57,20
210583.34600000002,0.57,20
210683.34600000002,0.57,20
210783.34600000002,0.57,20
210883.34600000002,0.57,21
210983.34600000002,0.57,21
211083.34600000002,0.57,19
211183.34600000002,0.57,19
211283.34600000002,0.57,21
211383.34600000002,0.57,21
211483.34600000002,0.57,21
211583.34600000002,0.57,21
211683.34600000002,0.57,20
211783.34600000002,0.57,20
211883.34600000002,0.57,20
211983.34600000002,0.57,20
212083.34600000002,0.57,20
212183.34600000002,0.57,20
212283.34600000002,0.57,20
212383.34600000002,0.57,20
212483.34600000002,0.57,20
212583.34600000002,0.57,20
212683.34600000002,0.57,21
212783.34600000002,0.57,21
212883.34600000002,0.57,20
212983.34600000002,0.57,20
213083.34600000002,0.57,19
213183.34600000002,0.57,19
213283.34600000002,0.57,20
213383.34600000002,0.57,20
213483.34600000002,0.57,22
213583.34600000002,0.57,22
213683.34600000002,0.57,20
213783.34600000002,0.57,20
213883.34600000002,0.57,21
213983.34600000002,0.57,21
214083.34600000002,0.57,21
214183.34600000002,0.57,21
214283.34600000002,0.57,20
214383.34600000002,0.57,20
214483.34600000002,0.57,20
214583.34600000002,0.57,20
214683.34600000002,0.57,20
214783.34600000002,0.57,20
214883.34600000002,0.57,21
214983.34600000002,0.57,21
215083.34600000002,0.57,21
215183.34600000002,0.57,21
215283.34600000002,0.57,21
215383.34600000002,0.57,21
215483.34600000002,0.57,19
215583.34600000002,0.57,19
215683.34600000002,0.57,19
215783.34600000002,0.57,19
215883.34600000002,0.57,20
215983.34600000002,0.57,20
216083.34600000002,0.57,20
216183.34600000002,0.57,20
216283.34600000002,0.57,20
216383.34600000002,0.57,20
216483.34600000002,0.57,18
216583.34600000002,0.57,18
216683.34600000002,0.57,19
216783.34600000002,0.57,19
216883.34600000002,0.57,20
216983.34600000002,0.57,20
217083.34600000002,0.57,20
217183.34600000002,0.57,20
217283.34600000002,0.57,18
217383.34600000002,0.57,18
217483.34600000002,0.57,18
217583.34600000002,0.57,18
217683.34600000002,0.57,19
217783.34600000002,0.57,19
217883.34600000002,0.57,20
217983.34600000002,0.57,20
218083.34600000002,0.57,20
218183.34600000002,0.57,20
218283.34600000002,0.57,21
218383.34600000002,0.57,21
218483.34600000002,0.57,20
218583.34600000002,0.57,20
218683.34600000002,0.57,20
218783.34600000002,0.57,20
218883.34600000002,0.57,20
218983.34600000002,0.57,20
219083.34600000002,0.57,20
219183.34600000002,0.57,20
219283.34600000002,0.57,19
219383.34600000002,0.57,19
219483.34600000002,0.57,19
219583.34600000002,0.57,19
219683.34600000002,0.57,19
219783.34600000002,0.57,19
219883.34600000002,0.57,20
219983.34600000002,0.57,20
220083.34600000002,0.57,20
220183.34600000002,0.57,20
220283.34600000002,0.57,19
220383.34600000002,0.57,19
220483.34600000002,0.57,18
220583.34600000002,0.57,18
220683.34600000002,0.57,19
220783.34600000002,0.57,19
220883.34600000002,0.57,20
220983.34600000002,0.57,20
221083.34600000002,0.57,19
221183.34600000002,0.57,19
221283.34600000002,0.57,20
221383.34600000002,0.57,20
221483.34600000002,0.57,20
221583.34600000002,0.57,20
221683.34600000002,0.57,19
221783.34600000002,0.57,19
221883.34600000002,0.57,18
221983.34600000002,0.57,18
222083.34600000002,0.57,20
222183.34600000002,0.57,20
222283.34600000002,0.57,20
222383.34600000002,0.57,20
222483.34600000002,0.57,18
222583.34600000002,0.57,18
222683.34600000002,0.57,19
222783.34600000002,0.57,19
222883.34600000002,0.57,19
222983.34600000002,0.57,19
223083.34600000002,0.57,20
223183.34600000002,0.57,20
223283.34600000002,0.57,20
223383.34600000002,0.57,20
223483.34600000002,0.57,20
223583.34600000002,0.57,20
223683.34600000002,0.57,21
223783.34600000002,0.57,21
223883.34600000002,0.57,21
223983.34600000002,0.57,21
224083.34600000002,0.57,21
224183.34600000002,0.57,21
224283.34600000002,0.57,19
224383.34600000002,0.57,19
224483.34600000002,0.57,20
224583.34600000002,0.57,20
224683.34600000002,0.57,20
224783.34600000002,0.57,20
224883.34600000002,0.57,21
224983.34600000002,0.57,21
225083.34600000002,0.57,21
225183.34600000002,0.57,21
225283.34600000002,0.57,21
225383.34600000002,0.57,21
225483.34600000002,0.57,21
225583.34600000002,0.57,21
225683.34600000002,0.57,20
225783.34600000002,0.57,20
225883.34600000002,0.57,20
225983.34600000002,0.57,20
226083.34600000002,0.57,19
226183.34600000002,0.57,19
226283.34600000002,0.57,20
226383.34600000002,0.57,20
226483.34600000002,0.57,20
226583.34600000002,0.57,20
226683.34600000002,0.57,20
226783.34600000002,0.57,20
226883.34600000002,0.57,19
226983.34600000002,0.57,19
227083.34600000002,0.57,20
227183.34600000002,0.57,20
227283.34600000002,0.57,19
227383.34600000002,0.57,19
227483.34600000002,0.57,21
227583.34600000002,0.57,21
227683.34600000002,0.57,21
227783.34600000002,0.57,21
227883.34600000002,0.57,22
227983.34600000002,0.57,22
228083.34600000002,0.57,21
228183.34600000002,0.57,21
228283.34600000002,0.57,20
228383.34600000002,0.57,20
228483.34600000002,0.57,20
228583.34600000002,0.57,20
228683.34600000002,0.57,21
228783.34600000002,0.57,21
228883.34600000002,0.57,21
228983.34600000002,0.57,21
229083.34600000002,0.57,21
229183.34600000002,0.57,21
229283.34600000002,0.57,21
229383.34600000002,0.57,21
229483.34600000002,0.57,20
229583.34600000002,0.57,20
229683.34600000002,0.57,20
229783.34600000002,0.57,20
229883.34600000002,0.57,20
229983.34600000002,0.57,20
230083.34600000002,0.57,20
230183.34600000002,0.57,20
230283.34600000002,0.57,21
230383.34600000002,0.57,21
230483.34600000002,0.57,20
230583.34600000002,0.57,20
230683.34600000002,0.57,22
230783.34600000002,0.57,22
230883.34600000002,0.57,21
230983.34600000002,0.57,21
231083.34600000002,0.57,21
231183.34600000002,0.57,21
231283.34600000002,0.57,21
231383.34600000002,0.57,21
231483.34600000002,0.57,20
231583.34600000002,0.57,20
231683.34600000002,0.58,21
231783.34600000002,0.58,21
231883.34600000002,0.58,20
231983.34600000002,0.58,20
232083.34600000002,0.58,21
232183.34600000002,0.58,21
232283.34600000002,0.58,22
232383.34600000002,0.58,22
232483.34600000002,0.58,22
232583.34600000002,0.58,22
232683.34600000002,0.58,22
232783.34600000002,0.58,22
232883.34600000002,0.58,22
232983.34600000002,0.58,22
233083.34600000002,0.58,21
233183.34600000002,0.58,21
233283.34600000002,0.58,19
233383.34600000002,0.58,19
233483.34600000002,0.58,18
233583.34600000002,0.58,18
233683.34600000002,0.58,18
233783.34600000002,0.58,18
233883.34600000002,0.58,19
233983.34600000002,0.58,19
234083.34600000002,0.58,20
234183.34600000002,0.58,20
234283.34600000002,0.58,19
234383.34600000002,0.58,19
234483.34600000002,0.58,20
234583.34600000002,0.58,20
234683.34600000002,0.58,21
234783.34600000002,0.58,21
234883.34600000002,0.58,21
234983.34600000002,0.58,21
235083.34600000002,0.58,20
235183.34600000002,0.58,20
235283.34600000002,0.58,20
235383.34600000002,0.58,20
235483.34600000002,0.58,22
235583.34600000002,0.58,22
235683.34600000002,0.58,21
235783.34600000002,0.58,21
235883.34600000002,0.58,19
235983.34600000002,0.58,19
236083.34600000002,0.58,20
236183.34600000002,0.58,20
236283.34600000002,0.58,21
236383.34600000002,0.58,21
236483.34600000002,0.58,20
236583.34600000002,0.58,20
236683.34600000002,0.58,20
236783.34600000002,0.58,20
236883.34600000002,0.58,22
236983.34600000002,0.58,22
237083.34600000002,0.58,22
237183.34600000002,0.58,22
237283.34600000002,0.58,21
237383.34600000002,0.58,21
237483.34600000002,0.58,20
237583.34600000002,0.58,20
237683.34600000002,0.58,21
237783.34600000002,0.58,21
237883.34600000002,0.58,21
237983.34600000002,0.58,21
238083.34600000002,0.58,21
238183.34600000002,0.58,21
238283.34600000002,0.58,21
238383.34600000002,0.58,21
238483.34600000002,0.58,22
238583.34600000002,0.58,22
238683.34600000002,0.58,22
238783.34600000002,0.58,22
238883.34600000002,0.58,20
238983.34600000002,0.58,20
239083.34600000002,0.58,20
239183.34600000002,0.58,20
239283.34600000002,0.58,19
239383.34600000002,0.58,19
239483.34600000002,0.58,20
239583.34600000002,0.58,20
239683.34600000002,0.58,20
239783.34600000002,0.58,20
239883.34600000002,0.58,21
239983.34600000002,0.58,21
240083.34600000002,0.58,21
240183.34600000002,0.58,21
240283.34600000002,0.59,21
240383.34600000002,0.59,21
240483.34600000002,0.61,19
240583.34600000002,0.61,19
240683.34600000002,0.65,19
240783.34600000002,0.65,19
240883.34600000002,0.64,20
240983.34600000002,0.64,20
241083.34600000002,0.63,19
241183.34600000002,0.63,19
241283.34600000002,0.66,18
241383.34600000002,0.66,18
241483.34600000002,0.69,20
241583.34600000002,0.69,20
241683.34600000002,0.58,19
241783.34600000002,0.58,19
241883.34600000002,0.58,19
241983.34600000002,0.58,19
242083.34600000002,0.58,20
242183.34600000002,0.58,20
242283.34600000002,0.58,20
242383.34600000002,0.58,20
242483.34600000002,0.58,21
242583.34600000002,0.58,21
242683.34600000002,0.58,22
242783.34600000002,0.58,22
242883.34600000002,0.58,22
242983.34600000002,0.58,22
243083.34600000002,0.58,22
243183.34600000002,0.58,22
243283.34600000002,0.58,21
243383.34600000002,0.58,21
243483.34600000002,0.58,20
243583.34600000002,0.58,20
243683.34600000002,0.58,21
243783.34600000002,0.58,21
243883.34600000002,0.58,20
243983.34600000002,0.58,20
244083.34600000002,0.59,22
244183.34600000002,0.59,22
244283.34600000002,0.59,21
244383.34600000002,0.59,21
244483.34600000002,0.59,21
244583.34600000002,0.59,21
244683.34600000002,0.59,19
244783.34600000002,0.59,19
244883.34600000002,0.59,20
244983.34600000002,0.59,20
245083.34600000002,0.59,21
245183.34600000002,0.59,21
245283.34600000002,0.59,22
245383.34600000002,0.59,22
245483.34600000002,0.59,21
245583.34600000002,0.59,21
245683.34600000002,0.59,21
245783.34600000002,0.59,21
245883.34600000002,0.59,20
245983.34600000002,0.59,20
246083.34600000002,0.59,20
246183.34600000002,0.59,20
246283.34600000002,0.59,21
246383.34600000002,0.59,21
246483.34600000002,0.59,21
246583.34600000002,0.59,21
246683.34600000002,0.59,21
246783.34600000002,0.59,21
246883.34600000002,0.59,21
246983.34600000002,0.59,21
247083.34600000002,0.59,21
247183.34600000002,0.59,21
247283.34600000002,0.59,21
247383.34600000002,0.59,21
247483.34600000002,0.59,21
247583.34600000002,0.59,21
247683.34600000002,0.59,22
247783.34600000002,0.59,22
247883.34600000002,0.59,21
247983.34600000002,0.59,21
248083.34600000002,0.59,21
248183.34600000002,0.59,21
248283.34600000002,0.59,21
248383.34600000002,0.59,21
248483.34600000002,0.59,20
248583.34600000002,0.59,20
248683.34600000002,0.59,22
248783.34600000002,0.59,22
248883.34600000002,0.59,22
248983.34600000002,0.59,22
249083.34600000002,0.59,22
249183.34600000002,0.59,22
249283.34600000002,0.59,22
249383.34600000002,0.59,22
249483.34600000002,0.59,22
249583.34600000002,0.59,22
249683.34600000002,0.59,22
249783.34600000002,0.59,22
249883.34600000002,0.59,22
249983.34600000002,0.59,22
250083.34600000002,0.59,22
250183.34600000002,0.59,22
250283.34600000002,0.59,22
250383.34600000002,0.59,22
250483.34600000002,0.59,22
250583.34600000002,0.59,22
250683.34600000002,0.59,22
250783.34600000002,0.59,22
250883.34600000002,0.59,21
250983.34600000002,0.59,21
251083.34600000002,0.59,20
251183.34600000002,0.59,20
251283.34600000002,0.59,20
251383.34600000002,0.59,20
251483.34600000002,0.59,20
251583.34600000002,0.59,20
251683.34600000002,0.59,20
251783.34600000002,0.59,20
251883.34600000002,0.59,20
251983.34600000002,0.59,20
252083.34600000002,0.59,20
252183.34600000002,0.59,20
252283.34600000002,0.59,21
252383.34600000002,0.59,21
252483.34600000002,0.6,21
252583.34600000002,0.6,21
252683.34600000002,0.6,21
252783.34600000002,0.6,21
252883.34600000002,0.6,21
252983.34600000002,0.6,21
253083.34600000002,0.6,21
253183.34600000002,0.6,21
253283.34600000002,0.6,20
253383.34600000002,0.6,20
253483.34600000002,0.6,21
253583.34600000002,0.6,21
253683.34600000002,0.6,21
253783.34600000002,0.6,21
253883.34600000002,0.6,21
253983.34600000002,0.6,21
254083.34600000002,0.6,21
254183.34600000002,0.6,21
254283.34600000002,0.6,21
254383.34600000002,0.6,21
254483.34600000002,0.6,21
254583.34600000002,0.6,21
254683.34600000002,0.6,21
254783.34600000002,0.6,21
254883.34600000002,0.6,20
254983.34600000002,0.6,20
255083.34600000002,0.6,20
255183.34600000002,0.6,20
255283.34600000002,0.6,20
255383.34600000002,0.6,20
255483.34600000002,0.6,20
255583.34600000002,0.6,20
255683.34600000002,0.6,19
255783.34600000002,0.6,19
255883.34600000002,0.6,20
255983.34600000002,0.6,20
256083.34600000002,0.6,21
256183.34600000002,0.6,21
256283.34600000002,0.6,21
256383.34600000002,0.6,21
256483.34600000002,0.6,21
256583.34600000002,0.6,21
256683.34600000002,0.6,20
256783.34600000002,0.6,20
256883.34600000002,0.6,20
256983.34600000002,0.6,20
257083.34600000002,0.6,21
257183.34600000002,0.6,21
257283.34600000002,0.6,19
257383.34600000002,0.6,19
257483.34600000002,0.6,20
257583.34600000002,0.6,20
257683.34600000002,0.6,21
257783.34600000002,0.6,21
257883.34600000002,0.6,21
257983.34600000002,0.6,21
258083.34600000002,0.6,21
258183.34600000002,0.6,21
258283.34600000002,0.6,21
258383.34600000002,0.6,21
258483.34600000002,0.6,21
258583.34600000002,0.6,21
258683.34600000002,0.6,21
258783.34600000002,0.6,21
258883.34600000002,0.61,21
258983.34600000002,0.61,21
259083.34600000002,0.61,21
259183.34600000002,0.61,21
259283.34600000002,0.61,20
259383.34600000002,0.61,20
259483.34600000002,0.61,21
259583.34600000002,0.61,21
259683.34600000002,0.61,21
259783.34600000002,0.61,21
259883.34600000002,0.61,20
259983.34600000002,0.61,20
260083.34600000002,0.61,21
260183.34600000002,0.61,21
260283.34600000002,0.61,21
260383.34600000002,0.61,21
260483.34600000002,0.61,21
260583.34600000002,0.61,21
260683.34600000002,0.61,20
260783.34600000002,0.61,20
260883.34600000002,0.61,21
260983.34600000002,0.61,21
261083.34600000002,0.61,21
261183.34600000002,0.61,21
261283.34600000002,0.61,21
261383.34600000002,0.61,21
261483.34600000002,0.61,22
261583.34600000002,0.61,22
261683.34600000002,0.61,21
261783.34600000002,0.61,21
261883.34600000002,0.61,21
261983.34600000002,0.61,21
262083.34600000002,0.61,21
262183.346,0.61,21
262283.346,0.61,21
262383.346,0.61,21
262483.346,0.61,22
262583.346,0.61,22
262683.346,0.61,22
262783.346,0.61,22
262883.346,0.61,22
262983.346,0.61,22
263083.346,0.61,22
263183.346,0.61,22
263283.346,0.61,21
263383.346,0.61,21
263483.346,0.61,21
263583.346,0.61,21
263683.346,0.61,21
263783.346,0.61,21
263883.346,0.61,21
263983.346,0.61,21
264083.346,0.61,21
264183.346,0.61,21
264283.346,0.61,21
264383.346,0.61,21
264483.346,0.61,21
264583.346,0.61,21
264683.346,0.62,22
264783.346,0.62,22
264883.346,0.62,22
264983.346,0.62,22
265083.346,0.62,21
265183.346,0.62,21
265283.346,0.62,21
265383.346,0.62,21
265483.346,0.62,21
265583.346,0.62,21
265683.346,0.62,20
265783.346,0.62,20
265883.346,0.62,21
265983.346,0.62,21
266083.346,0.62,20
266183.346,0.62,20
266283.346,0.62,21
266383.346,0.62,21
266483.346,0.62,20
266583.346,0.62,20
266683.346,0.62,21
266783.346,0.62,21
266883.346,0.62,21
266983.346,0.62,21
267083.346,0.62,22
267183.346,0.62,22
267283.346,0.62,21
267383.346,0.62,21
267483.346,0.62,22
267583.346,0.62,22
267683.346,0.62,22
267783.346,0.62,22
267883.346,0.62,22
267983.346,0.62,22
268083.346,0.62,22
268183.346,0.62,22
268283.346,0.62,21
268383.346,0.62,21
268483.346,0.62,21
268583.346,0.62,21
268683.346,0.62,21
268783.346,0.62,21
268883.346,0.62,21
268983.346,0.62,21
269083.346,0.62,21
269183.346,0.62,21
269283.346,0.62,21
269383.346,0.62,21
269483.346,0.62,21
269583.346,0.62,21
269683.346,0.62,20
269783.346,0.62,20
269883.346,0.62,21
269983.346,0.62,21
270083.346,0.62,20
270183.346,0.62,20
270283.346,0.62,21
270383.346,0.62,21
270483.346,0.62,21
270583.346,0.62,21
270683.346,0.62,19
270783.346,0.62,19
270883.346,0.62,21
270983.346,0.62,21
271083.346,0.62,22
271183.346,0.62,22
271283.346,0.62,19
271383.346,0.62,19
271483.346,0.62,21
271583.346,0.62,21
271683.346,0.62,21
271783.346,0.62,21
271883.346,0.62,21
271983.346,0.62,21
272083.346,0.62,22
272183.346,0.62,22
272283.346,0.62,22
272383.346,0.62,22
272483.346,0.62,22
272583.346,0.62,22
272683.346,0.62,22
272783.346,0.62,22
272883.346,0.62,22
272983.346,0.62,22
273083.346,0.62,22
273183.346,0.62,22
273283.346,0.62,21
273383.346,0.62,21
273483.346,0.62,22
273583.346,0.62,22
273683.346,0.62,22
273783.346,0.62,22
273883.346,0.62,22
273983.346,0.62,22
274083.346,0.62,22
274183.346,0.62,22
274283.346,0.62,21
274383.346,0.62,21
274483.346,0.62,20
274583.346,0.62,20
274683.346,0.62,20
274783.346,0.62,20
274883.346,0.62,20
274983.346,0.62,20
275083.346,0.62,21
275183.346,0.62,21
275283.346,0.62,20
275383.346,0.62,20
275483.346,0.62,20
275583.346,0.62,20
275683.346,0.62,21
275783.346,0.62,21
275883.346,0.62,20
275983.346,0.62,20
276083.346,0.62,20
276183.346,0.62,20
276283.346,0.62,20
276383.346,0.62,20
276483.346,0.62,20
276583.346,0.62,20
276683.346,0.62,20
276783.346,0.62,20
276883.346,0.62,21
276983.346,0.62,21
277083.346,0.62,21
277183.346,0.62,21
277283.346,0.62,21
277383.346,0.62,21
277483.346,0.62,22
277583.346,0.62,22
277683.346,0.62,21
277783.346,0.62,21
277883.346,0.62,21
277983.346,0.62,21
278083.346,0.62,22
278183.346,0.62,22
278283.346,0.62,21
278383.346,0.62,21
278483.346,0.62,22
278583.346,0.62,22
278683.346,0.62,21
278783.346,0.62,21
278883.346,0.62,22
278983.346,0.62,22
279083.346,0.62,22
279183.346,0.62,22
279283.346,0.61,22
279383.346,0.61,22
279483.346,0.61,22
279583.346,0.61,22
279683.346,0.61,22
279783.346,0.61,22
279883.346,0.61,22
279983.346,0.61,22
280083.346,0.61,21
280183.346,0.61,21
280283.346,0.61,21
280383.346,0.61,21
280483.346,0.61,21
280583.346,0.61,21
280683.346,0.61,21
280783.346,0.61,21
280883.346,0.61,22
280983.346,0.61,22
281083.346,0.61,22
281183.346,0.61,22
281283.346,0.62,21
281383.346,0.62,21
281483.346,0.62,22
281583.346,0.62,22
281683.346,0.62,21
281783.346,0.62,21
281883.346,0.62,21
281983.346,0.62,21
282083.346,0.62,22
282183.346,0.62,22
282283.346,0.62,21
282383.346,0.62,21
282483.346,0.62,21
282583.346,0.62,21
282683.346,0.62,21
282783.346,0.62,21
282883.346,0.62,22
282983.346,0.62,22
283083.346,0.62,22
283183.346,0.62,22
283283.346,0.61,22
283383.346,0.61,22
283483.346,0.61,21
283583.346,0.61,21
283683.346,0.61,20
283783.346,0.61,20
283883.346,0.61,21
283983.346,0.61,21
284083.346,0.61,22
284183.346,0.61,22
284283.346,0.61,19
284383.346,0.61,19
284483.346,0.61,21
284583.346,0.61,21
284683.346,0.61,20
284783.346,0.61,20
284883.346,0.61,21
284983.346,0.61,21
285083.346,0.61,21
285183.346,0.61,21
285283.346,0.61,21
285383.346,0.61,21
285483.346,0.61,22
285583.346,0.61,22
285683.346,0.61,22
285783.346,0.61,22
285883.346,0.61,21
285983.346,0.61,21
286083.346,0.61,21
286183.346,0.61,21
286283.346,0.61,22
286383.346,0.61,22
286483.346,0.61,21
286583.346,0.61,21
286683.346,0.61,21
286783.346,0.61,21
286883.346,0.61,20
286983.346,0.61,20
287083.346,0.61,22
287183.346,0.61,22
287283.346,0.61,22
287383.346,0.61,22
287483.346,0.61,21
287583.346,0.61,21
287683.346,0.61,22
287783.346,0.61,22
287883.346,0.61,22
287983.346,0.61,22
288083.346,0.61,21
288183.346,0.61,21
288283.346,0.61,22
288383.346,0.61,22
288483.346,0.61,22
288583.346,0.61,22
288683.346,0.61,21
288783.346,0.61,21
288883.346,0.61,21
288983.346,0.61,21
289083.346,0.61,22
289183.346,0.61,22
289283.346,0.61,20
289383.346,0.61,20
289483.346,0.61,21
289583.346,0.61,21
289683.346,0.61,20
289783.346,0.61,20
289883.346,0.61,19
289983.346,0.61,19
290083.346,0.61,21
290183.346,0.61,21
290283.346,0.61,20
290383.346,0.61,20
290483.346,0.61,20
290583.346,0.61,20
290683.346,0.61,22
290783.346,0.61,22
290883.346,0.61,22
290983.346,0.61,22
291083.346,0.61,22
291183.346,0.61,22
291283.346,0.61,20
291383.346,0.61,20
291483.346,0.61,21
291583.346,0.61,21
291683.346,0.61,22
291783.346,0.61,22
291883.346,0.61,22
291983.346,0.61,22
292083.346,0.61,21
292183.346,0.61,21
292283.346,0.61,22
292383.346,0.61,22
292483.346,0.61,22
292583.346,0.61,22
292683.346,0.61,21
292783.346,0.61,21
292883.346,0.61,21
292983.346,0.61,21
293083.346,0.61,21
293183.346,0.61,21
293283.346,0.61,21
293383.346,0.61,21
293483.346,0.61,21
293583.346,0.61,21
293683.346,0.61,22
293783.346,0.61,22
293883.346,0.61,22
293983.346,0.61,22
294083.346,0.61,21
294183.346,0.61,21
294283.346,0.61,21
294383.346,0.61,21
294483.346,0.61,21
294583.346,0.61,21
294683.346,0.61,22
294783.346,0.61,22
294883.346,0.61,22
294983.346,0.61,22
295083.346,0.61,22
295183.346,0.61,22
295283.346,0.61,21
295383.346,0.61,21
295483.346,0.61,21
295583.346,0.61,21
295683.346,0.61,20
295783.346,0.61,20
295883.346,0.61,22
295983.346,0.61,22
296083.346,0.61,22
296183.346,0.61,22
296283.346,0.61,20
296383.346,0.61,20
296483.346,0.61,21
296583.346,0.61,21
296683.346,0.61,19
296783.346,0.61,19
296883.346,0.61,19
296983.346,0.61,19
297083.346,0.61,21
297183.346,0.61,21
297283.346,0.61,21
297383.346,0.61,21
297483.346,0.61,20
297583.346,0.61,20
297683.346,0.61,21
297783.346,0.61,21
297883.346,0.61,22
297983.346,0.61,22
298083.346,0.61,22
298183.346,0.61,22
298283.346,0.61,22
298383.346,0.61,22
298483.346,0.61,22
298583.346,0.61,22
298683.346,0.61,22
298783.346,0.61,22
298883.346,0.61,21
298983.346,0.61,21
299083.346,0.61,22
299183.346,0.61,22
299283.346,0.6,22
299383.346,0.6,22
299483.346,0.6,22
299583.346,0.6,22
299683.346,0.6,21
299783.346,0.6,21
299883.346,0.6,22
299983.346,0.6,22
300083.346,0.6,21
300183.346,0.6,21
300283.346,0.6,21
300383.346,0.6,21
300483.346,0.6,22
300583.346,0.6,22
300683.346,0.6,22
300783.346,0.6,22
300883.346,0.6,22
300983.346,0.6,22
301083.346,0.6,22
301183.346,0.6,22
301283.346,0.6,22
301383.346,0.6,22
301483.346,0.6,21
301583.346,0.6,21
301683.346,0.6,22
301783.346,0.6,22
301883.346,0.6,22
301983.346,0.6,22
302083.346,0.6,22
302183.346,0.6,22
302283.346,0.6,21
302383.346,0.6,21
302483.346,0.6,20
302583.346,0.6,20
302683.346,0.6,21
302783.346,0.6,21
302883.346,0.6,19
302983.346,0.6,19
303083.346,0.6,21
303183.346,0.6,21
303283.346,0.6,21
303383.346,0.6,21
303483.346,0.6,21
303583.346,0.6,21
303683.346,0.6,20
303783.346,0.6,20
303883.346,0.6,21
303983.346,0.6,21
304083.346,0.6,21
304183.346,0.6,21
304283.346,0.6,21
304383.346,0.6,21
304483.346,0.6,20
304583.346,0.6,20
304683.346,0.6,21
304783.346,0.6,21
304883.346,0.6,21
304983.346,0.6,21
305083.346,0.6,20
305183.346,0.6,20
305283.346,0.6,20
305383.346,0.6,20
305483.346,0.6,20
305583.346,0.6,20
305683.346,0.59,21
305783.346,0.59,21
305883.346,0.59,21
305983.346,0.59,21
306083.346,0.59,21
306183.346,0.59,21
306283.346,0.59,19
306383.346,0.59,19
306483.346,0.59,19
306583.346,0.59,19
306683.346,0.59,20
306783.346,0.59,20
306883.346,0.59,20
306983.346,0.59,20
307083.346,0.59,21
307183.346,0.59,21
307283.346,0.59,21
307383.346,0.59,21
307483.346,0.59,19
307583.346,0.59,19
307683.346,0.59,20
307783.346,0.59,20
307883.346,0.59,21
307983.346,0.59,21
308083.346,0.59,21
308183.346,0.59,21
308283.346,0.59,20
308383.346,0.59,20
308483.346,0.59,19
308583.346,0.59,19
308683.346,0.59,20
308783.346,0.59,20
308883.346,0.59,18
308983.346,0.59,18
309083.346,0.59,19
309183.346,0.59,19
309283.346,0.59,18
309383.346,0.59,18
309483.346,0.59,19
309583.346,0.59,19
309683.346,0.59,20
309783.346,0.59,20
309883.346,0.59,20
309983.346,0.59,20
310083.346,0.59,19
310183.346,0.59,19
310283.346,0.59,19
310383.346,0.59,19
310483.346,0.59,19
310583.346,0.59,19
310683.346,0.59,20
310783.346,0.59,20
310883.346,0.59,20
310983.346,0.59,20
311083.346,0.59,21
311183.346,0.59,21
311283.346,0.59,20
311383.346,0.59,20
311483.346,0.59,21
311583.346,0.59,21
311683.346,0.59,19
311783.346,0.59,19
311883.346,0.59,20
311983.346,0.59,20
312083.346,0.59,20
312183.346,0.59,20
312283.346,0.59,20
312383.346,0.59,20
312483.346,0.59,19
312583.346,0.59,19
312683.346,0.59,21
312783.346,0.59,21
312883.346,0.59,21
312983.346,0.59,21
313083.346,0.59,22
313183.346,0.59,22
313283.346,0.59,22
313383.346,0.59,22
313483.346,0.59,21
313583.346,0.59,21
313683.346,0.59,19
313783.346,0.59,19
313883.346,0.59,20
313983.346,0.59,20
314083.346,0.59,22
314183.346,0.59,22
314283.346,0.59,22
314383.346,0.59,22
314483.346,0.59,20
314583.346,0.59,20
314683.346,0.59,21
314783.346,0.59,21
314883.346,0.59,22
314983.346,0.59,22
315083.346,0.59,21
315183.346,0.59,21
315283.346,0.59,20
315383.346,0.59,20
315483.346,0.59,20
315583.346,0.59,20
315683.346,0.59,21
315783.346,0.59,21
315883.346,0.59,21
315983.346,0.59,21
316083.346,0.59,21
316183.346,0.59,21
316283.346,0.59,20
316383.346,0.59,20
316483.346,0.59,20
316583.346,0.59,20
316683.346,0.59,20
316783.346,0.59,20
316883.346,0.59,19
316983.346,0.59,19
317083.346,0.59,21
317183.346,0.59,21
317283.346,0.59,21
317383.346,0.59,21
317483.346,0.59,21
317583.346,0.59,21
317683.346,0.59,19
317783.346,0.59,19
317883.346,0.59,18
317983.346,0.59,18
318083.346,0.59,18
318183.346,0.59,18
318283.346,0.59,20
318383.346,0.59,20
318483.346,0.59,20
318583.346,0.59,20
318683.346,0.59,21
318783.346,0.59,21
318883.346,0.59,22
318983.346,0.59,22
319083.346,0.59,21
319183.346,0.59,21
319283.346,0.59,20
319383.346,0.59,20
319483.346,0.59,19
319583.346,0.59,19
319683.346,0.59,22
319783.346,0.59,22
319883.346,0.59,20
319983.346,0.59,20
320083.346,0.59,21
320183.346,0.59,21
320283.346,0.59,22
320383.346,0.59,22
320483.346,0.59,22
320583.346,0.59,22
320683.346,0.59,21
320783.346,0.59,21
320883.346,0.59,22
320983.346,0.59,22
321083.346,0.59,20
321183.346,0.59,20
321283.346,0.59,20
321383.346,0.59,20
321483.346,0.59,19
321583.346,0.59,19
321683.346,0.59,18
321783.346,0.59,18
321883.346,0.59,20
321983.346,0.59,20
322083.346,0.59,22
322183.346,0.59,22
322283.346,0.59,20
322383.346,0.59,20
322483.346,0.59,21
322583.346,0.59,21
322683.346,0.59,21
322783.346,0.59,21
322883.346,0.59,19
322983.346,0.59,19
323083.346,0.59,19
323183.346,0.59,19
323283.346,0.59,20
323383.346,0.59,20
323483.346,0.59,20
323583.346,0.59,20
323683.346,0.59,19
323783.346,0.59,19
323883.346,0.59,20
323983.346,0.59,20
324083.346,0.59,21
324183.346,0.59,21
324283.346,0.59,21
324383.346,0.59,21
324483.346,0.59,21
324583.346,0.59,21
324683.346,0.59,21
324783.346,0.59,21
324883.346,0.59,21
324983.346,0.59,21
325083.346,0.59,21
325183.346,0.59,21
325283.346,0.59,21
325383.346,0.59,21
325483.346,0.59,20
325583.346,0.59,20
325683.346,0.59,20
325783.346,0.59,20
325883.346,0.59,22
325983.346,0.59,22
326083.346,0.59,21
326183.346,0.59,21
326283.346,0.59,20
326383.346,0.59,20
326483.346,0.59,21
326583.346,0.59,21
326683.346,0.59,21
326783.346,0.59,21
326883.346,0.61,21
326983.346,0.61,21
327083.346,0.61,21
327183.346,0.61,21
327283.346,0.62,21
327383.346,0.62,21
327483.346,0.63,21
327583.346,0.63,21
327683.346,0.64,22
327783.346,0.64,22
327883.346,0.63,20
327983.346,0.63,20
328083.346,0.62,20
328183.346,0.62,20
328283.346,0.61,19
328383.346,0.61,19
328483.346,0.59,19
328583.346,0.59,19
328683.346,0.59,21
328783.346,0.59,21
328883.346,0.59,20
328983.346,0.59,20
329083.346,0.59,21
329183.346,0.59,21
329283.346,0.59,22
329383.346,0.59,22
329483.346,0.59,21
329583.346,0.59,21
329683.346,0.59,21
329783.346,0.59,21
329883.346,0.59,22
329983.346,0.59,22
330083.346,0.6,22
330183.346,0.6,22
330283.346,0.61,21
330383.346,0.61,21
330483.346,0.59,21
330583.346,0.59,21
330683.346,0.6,21
330783.346,0.6,21
330883.346,0.61,21
330983.346,0.61,21
331083.346,0.62,20
331183.346,0.62,20
331283.346,0.63,20
331383.346,0.63,20
331483.346,0.59,21
331583.346,0.59,21
331683.346,0.59,21
331783.346,0.59,21
331883.346,0.59,22
331983.346,0.59,22
332083.346,0.59,20
332183.346,0.59,20
332283.346,0.59,19
332383.346,0.59,19
332483.346,0.59,20
332583.346,0.59,20
332683.346,0.59,19
332783.346,0.59,19
332883.346,0.59,20
332983.346,0.59,20
333083.346,0.59,20
333183.346,0.59,20
333283.346,0.59,20
333383.346,0.59,20
333483.346,0.59,20
333583.346,0.59,20
333683.346,0.59,19
333783.346,0.59,19
333883.346,0.6,20
333983.346,0.6,20
334083.346,0.6,20
334183.346,0.6,20
334283.346,0.6,20
334383.346,0.6,20
334483.346,0.6,22
334583.346,0.6,22
334683.346,0.6,20
334783.346,0.6,20
334883.346,0.6,18
334983.346,0.6,18
335083.346,0.6,20
335183.346,0.6,20
335283.346,0.6,21
335383.346,0.6,21
335483.346,0.6,21
335583.346,0.6,21
335683.346,0.6,20
335783.346,0.6,20
335883.346,0.6,20
335983.346,0.6,20
336083.346,0.6,18
336183.346,0.6,18
336283.346,0.6,20
336383.346,0.6,20
336483.346,0.7,19
336583.346,0.7,19
336683.346,0.77,22
336783.346,0.77,22
336883.346,0.79,20
336983.346,0.79,20
337083.346,0.78,20
337183.346,0.78,20
337283.346,0.76,21
337383.346,0.76,21
337483.346,0.72,21
337583.346,0.72,21
337683.346,0.68,21
337783.346,0.68,21
337883.346,0.65,21
337983.346,0.65,21
338083.346,0.62,22
338183.346,0.62,22
338283.346,0.6,22
338383.346,0.6,22
338483.346,0.6,22
338583.346,0.6,22
338683.346,0.6,22
338783.346,0.6,22
338883.346,0.6,20
338983.346,0.6,20
339083.346,0.6,20
339183.346,0.6,20
339283.346,0.6,22
339383.346,0.6,22
339483.346,0.6,21
339583.346,0.6,21
339683.346,0.6,22
339783.346,0.6,22
339883.346,0.6,20
339983.346,0.6,20
340083.346,0.6,22
340183.346,0.6,22
340283.346,0.61,22
340383.346,0.61,22
340483.346,0.66,21
340583.346,0.66,21
340683.346,0.71,21
340783.346,0.71,21
340883.346,0.78,22
340983.346,0.78,22
341083.346,0.82,21
341183.346,0.82,21
341283.346,0.87,20
341383.346,0.87,20
341483.346,0.91,20
341583.346,0.91,20
341683.346,0.94,21
341783.346,0.94,21
341883.346,0.99,21
341983.346,0.99,21
342083.346,1.04,22
342183.346,1.04,22
342283.346,1.06,21
342383.346,1.06,21
342483.346,1.06,21
342583.346,1.06,21
342683.346,1.09,21
342783.346,1.09,21
342883.346,1.06,21
342983.346,1.06,21
343083.346,1.04,21
343183.346,1.04,21
343283.346,1.03,20
343383.346,1.03,20
343483.346,0.98,21
343583.346,0.98,21
343683.346,0.94,21
343783.346,0.94,21
343883.346,0.89,19
343983.346,0.89,19
344083.346,0.86,19
344183.346,0.86,19
344283.346,0.84,20
344383.346,0.84,20
344483.346,0.77,20
344583.346,0.77,20
344683.346,0.7,19
344783.346,0.7,19
344883.346,0.66,21
344983.346,0.66,21
345083.346,0.62,20
345183.346,0.62,20
345283.346,0.62,20
345383.346,0.62,20
345483.346,0.62,21
345583.346,0.62,21
345683.346,0.62,22
345783.346,0.62,22
345883.346,0.63,22
345983.346,0.63,22
346083.346,0.63,21
346183.346,0.63,21
346283.346,0.63,21
346383.346,0.63,21
346483.346,0.63,21
346583.346,0.63,21
346683.346,0.63,21
346783.346,0.63,21
346883.346,0.63,20
346983.346,0.63,20
347083.346,0.63,20
347183.346,0.63,20
347283.346,0.63,22
347383.346,0.63,22
347483.346,0.63,19
347583.346,0.63,19
347683.346,0.63,19
347783.346,0.63,19
347883.346,0.63,20
347983.346,0.63,20
348083.346,0.63,20
348183.346,0.63,20
348283.346,0.63,20
348383.346,0.63,20
348483.346,0.63,21
348583.346,0.63,21
348683.346,0.63,21
348783.346,0.63,21
348883.346,0.63,21
348983.346,0.63,21
349083.346,0.63,21
349183.346,0.63,21
349283.346,0.63,21
349383.346,0.63,21
349483.346,0.63,20
349583.346,0.63,20
349683.346,0.63,20
349783.346,0.63,20
349883.346,0.63,20
349983.346,0.63,20
350083.346,0.63,21
350183.346,0.63,21
350283.346,0.63,21
350383.346,0.63,21
350483.346,0.63,21
350583.346,0.63,21
350683.346,0.62,21
350783.346,0.62,21
350883.346,0.62,21
350983.346,0.62,21
351083.346,0.62,20
351183.346,0.62,20
351283.346,0.62,22
351383.346,0.62,22
351483.346,0.62,21
351583.346,0.62,21
351683.346,0.62,22
351783.346,0.62,22
351883.346,0.62,20
351983.346,0.62,20
352083.346,0.62,21
352183.346,0.62,21
352283.346,0.62,20
352383.346,0.62,20
352483.346,0.62,20
352583.346,0.62,20
352683.346,0.62,22
352783.346,0.62,22
352883.346,0.62,22
352983.346,0.62,22
353083.346,0.62,22
353183.346,0.62,22
353283.346,0.62,22
353383.346,0.62,22
353483.346,0.62,22
353583.346,0.62,22
353683.346,0.66,22
353783.346,0.66,22
353883.346,0.68,21
353983.346,0.68,21
354083.346,0.69,22
354183.346,0.69,22
354283.346,0.67,22
354383.346,0.67,22
354483.346,0.68,21
354583.346,0.68,21
354683.346,0.68,21
354783.346,0.68,21
354883.346,0.69,22
354983.346,0.69,22
355083.346,0.7,21
355183.346,0.7,21
355283.346,0.71,22
355383.346,0.71,22
355483.346,0.7,22
355583.346,0.7,22
355683.346,0.65,22
355783.346,0.65,22
355883.346,0.64,22
355983.346,0.64,22
356083.346,0.62,21
356183.346,0.62,21
356283.346,0.62,21
356383.346,0.62,21
356483.346,0.62,21
356583.346,0.62,21
356683.346,0.62,21
356783.346,0.62,21
356883.346,0.62,21
356983.346,0.62,21
357083.346,0.62,21
357183.346,0.62,21
357283.346,0.62,21
357383.346,0.62,21
357483.346,0.62,20
357583.346,0.62,20
357683.346,0.62,21
357783.346,0.62,21
357883.346,0.62,22
357983.346,0.62,22
358083.346,0.62,21
358183.346,0.62,21
358283.346,0.62,22
358383.346,0.62,22
358483.346,0.62,21
358583.346,0.62,21
358683.346,0.62,22
358783.346,0.62,22
358883.346,0.62,22
358983.346,0.62,22
359083.346,0.62,21
359183.346,0.62,21
359283.346,0.62,22
359383.346,0.62,22
359483.346,0.62,22
359583.346,0.62,22
359683.346,0.62,22
359783.346,0.62,22
359883.346,0.64,21
359983.346,0.64,21
360083.346,0.67,22
360183.346,0.66,22
360283.346,0.66,22
360383.346,0.66,22
360483.346,0.67,21
360583.346,0.67,21
360683.346,0.66,21
360783.346,0.66,21
360883.346,0.68,22
360983.346,0.68,22
361083.346,0.69,22
361183.346,0.69,22
361283.346,0.69,22
361383.346,0.69,22
361483.346,0.7,21
361583.346,0.7,21
361683.346,0.7,22
361783.346,0.7,22
361883.346,0.71,22
361983.346,0.71,22
362083.346,0.71,22
362183.346,0.71,22
362283.346,0.71,22
362383.346,0.71,22
362483.346,0.73,22
362583.346,0.73,22
362683.346,0.76,21
362783.346,0.77,21
362883.346,0.77,21
362983.346,0.77,21
363083.346,0.72,21
363183.346,0.72,21
363283.346,0.66,20
363383.346,0.66,20
363483.346,0.63,20
363583.346,0.61,20
363683.346,0.61,20
363783.346,0.61,20
363883.346,0.61,20
363983.346,0.61,20
364083.346,0.61,20
364183.346,0.61,20
364283.346,0.61,20
364383.346,0.61,20
364483.346,0.61,21
364583.346,0.61,21
364683.346,0.61,21
364783.346,0.61,21
364883.346,0.61,21
364983.346,0.61,21
365083.346,0.61,21
365183.346,0.61,21
365283.346,0.61,20
365383.346,0.61,20
365483.346,0.61,22
365583.346,0.61,22
365683.346,0.62,22
365783.346,0.62,22
365883.346,0.64,22
365983.346,0.64,22
366083.346,0.67,21
366183.346,0.67,21
366283.346,0.69,21
366383.346,0.69,21
366483.346,0.69,22
366583.346,0.69,22
366683.346,0.7,22
366783.346,0.7,22
366883.346,0.7,22
366983.346,0.7,22
367083.346,0.7,21
367183.346,0.7,21
367283.346,0.72,21
367383.346,0.72,21
367483.346,0.7,21
367583.346,0.7,21
367683.346,0.7,22
367783.346,0.7,22
367883.346,0.67,21
367983.346,0.67,21
368083.346,0.62,22
368183.346,0.62,22
368283.346,0.61,22
368383.346,0.61,22
368483.346,0.61,21
368583.346,0.61,21
368683.346,0.61,21
368783.346,0.61,20
368883.346,0.61,20
368983.346,0.61,20
369083.346,0.61,19
369183.346,0.61,19
369283.346,0.61,21
369383.346,0.61,21
369483.346,0.61,20
369583.346,0.61,20
369683.346,0.61,20
369783.346,0.61,20
369883.346,0.61,21
369983.346,0.61,21
370083.346,0.61,20
370183.346,0.61,20
370283.346,0.61,20
370383.346,0.61,20
370483.346,0.61,21
370583.346,0.61,21
370683.346,0.61,21
370783.346,0.61,21
370883.346,0.61,21
370983.346,0.61,21
371083.346,0.61,20
371183.346,0.61,21
371283.346,0.61,21
371383.346,0.61,21
371483.346,0.61,21
371583.346,0.61,21
371683.346,0.61,20
371783.346,0.61,20
371883.346,0.61,21
371983.346,0.61,21
372083.346,0.61,20
372183.346,0.61,20
372283.346,0.61,20
372383.346,0.61,20
372483.346,0.61,21
372583.346,0.61,21
372683.346,0.61,20
372783.346,0.61,20
372883.346,0.61,20
372983.346,0.61,20
373083.346,0.61,19
373183.346,0.61,19
373283.346,0.61,19
373383.346,0.61,19
373483.346,0.6,19
373583.346,0.6,19
373683.346,0.6,19
373783.346,0.6,19
373883.346,0.6,19
373983.346,0.6,19
374083.346,0.6,19
374183.346,0.6,19
374283.346,0.6,19
374383.346,0.6,19
374483.346,0.6,19
374583.346,0.6,20