Elapsed Time (s),Value
0.000,1.74
0.001,1.74
0.001,1.7
0.001,1.74
0.002,1.74
0.002,1.75
0.002,1.73
0.003,1.74
0.003,1.74
0.003,1.75
0.004,1.73
0.004,1.73
0.004,1.74
0.005,1.75
0.005,1.67
0.005,1.72
0.006,1.74
0.006,1.74
0.006,1.69
0.007,1.73
0.007,1.76
0.007,1.77
0.007,1.2
0.008,1.2
0.008,1.2
0.009,1.2
0.009,1.7
0.009,1.2
0.009,1.2
0.010,1.2
0.010,1.2
0.010,1.2
0.011,1.2
0.011,1.39
0.011,1.75
0.012,1.77
0.012,1.77
0.012,1.77
0.013,1.75
0.013,1.74
0.013,1.73
0.014,1.75
0.014,1.7
0.014,1.2
0.015,1.2
0.015,1.2
0.015,1.2
0.015,1.2
0.016,1.2
0.016,1.2
0.016,1.2
0.017,1.2
0.017,1.2
0.017,1.2
0.018,1.2
0.018,1.2
0.018,1.2
0.019,1.2
0.019,1.2
0.019,1.2
0.020,1.2
0.020,1.2
0.020,1.57
0.021,1.72
0.021,1.72
0.021,1.74
0.022,1.72
0.022,1.72
0.022,1.72
0.022,1.71
0.023,1.7
0.023,1.7
0.023,1.71
0.024,1.73
0.024,1.72
0.024,1.72
0.025,1.72
0.025,1.73
0.025,1.66
0.026,1.71
0.026,1.71
0.026,1.72
0.027,1.69
0.027,1.71
0.027,1.71
0.027,1.72
0.028,1.71
0.028,1.72
0.028,1.72
0.029,1.2
0.029,1.71
0.029,1.73
0.030,1.66
0.030,1.75
0.030,1.69
0.031,1.72
0.031,1.72
0.031,1.72
0.032,1.7
0.032,1.71
0.032,1.72
0.032,1.73
0.033,1.72
0.033,1.73
0.033,1.73
0.034,1.72
0.034,1.72
0.034,1.73
0.035,1.72
0.035,1.74
0.035,1.66
0.036,1.72
0.036,1.72
0.036,1.2
0.036,1.2
0.037,1.2
0.037,1.2
0.038,1.2
0.038,1.45
0.038,1.23
0.038,1.2
0.039,1.2
0.039,1.2
0.039,1.2
0.040,1.2
0.040,1.2
0.040,1.67
0.041,1.2
0.041,1.2
0.041,1.2
0.042,1.2
0.042,1.2
0.042,1.2
0.043,1.74
0.043,1.71
0.043,1.2
0.044,1.2
0.044,1.2
0.044,1.2
0.044,1.2
0.045,1.2
0.045,1.2
0.045,1.59
0.045,1.72
0.045,1.73
0.046,1.74
0.046,1.7
0.046,1.73
0.046,1.71
0.046,1.74
0.047,1.71
0.047,1.72
0.047,1.72
0.047,1.72
0.047,1.67
0.047,1.74
0.048,1.7
0.048,1.69
0.048,1.65
0.048,1.2
0.048,1.2
0.049,1.2
0.049,1.31
0.049,1.73
0.049,1.74
0.049,1.77
0.049,1.72
0.050,1.72
0.050,1.72
0.050,1.73
0.050,1.71
0.050,1.72
0.051,1.72
0.051,1.73
0.051,1.65
0.051,1.69
0.051,1.7
0.051,1.72
0.052,1.68
0.052,1.58
0.052,1.72
0.052,1.37
0.052,1.72
0.053,1.74
0.053,1.75
0.053,1.74
0.053,1.72
0.053,1.74
0.053,1.74
0.054,1.75
0.054,1.68
0.054,1.72
0.054,1.72
0.054,1.74
0.055,1.69
0.055,1.74
0.055,1.73
0.055,1.75
0.055,1.72
0.055,1.73
0.056,1.74
0.056,1.74
0.056,1.72
0.056,1.73
0.056,1.74
0.057,1.2
0.057,1.2
0.057,1.2
0.057,1.2
0.057,1.2
0.057,1.2
0.058,1.5
0.058,1.2
0.058,1.2
0.058,1.2
0.058,1.73
0.059,1.2
0.059,1.2
0.059,1.72
0.059,1.73
0.059,1.72
0.059,1.76
0.060,1.68
0.060,1.74
0.060,1.72
0.060,1.74
0.060,1.71
0.061,1.73
0.061,1.2
0.061,1.2
0.061,1.2
0.061,1.2
0.061,1.2
0.062,1.2
0.062,1.72
0.062,1.2
0.062,1.2
0.062,1.2
0.063,1.2
0.063,1.2
0.063,1.2
0.063,1.73
0.063,1.2
0.063,1.2
0.064,1.2
0.064,1.2
0.064,1.2
0.064,1.74
0.064,1.74
0.065,1.74
0.065,1.68
0.065,1.2
0.065,1.4
0.065,1.2
0.065,1.2
0.066,1.2
0.066,1.74
0.066,1.73
0.066,1.69
0.066,1.73
0.067,1.74
0.067,1.74
0.067,1.68
0.067,1.73
0.067,1.73
0.067,1.74
0.068,1.71
0.068,1.73
0.068,1.73
0.068,1.74
0.068,1.64
0.069,1.72
0.069,1.74
0.069,1.2
0.069,1.69
0.069,1.73
0.069,1.73
0.070,1.75
0.070,1.7
0.070,1.73
0.070,1.74
0.070,1.72
0.071,1.7
0.071,1.73
0.071,1.74
0.071,1.75
0.071,1.67
0.072,1.69
0.072,1.71
0.072,1.72
0.072,1.7
0.072,1.73
0.073,1.74
0.073,1.76
0.073,1.71
0.073,1.74
0.073,1.73
0.073,1.56
0.074,1.71
0.074,1.73
0.074,1.74
0.074,1.75
0.074,1.64
0.075,1.72
0.075,1.73
0.075,1.73
0.075,1.69
0.075,1.73
0.075,1.74
0.076,1.76
0.076,1.58
0.076,1.73
0.076,1.73
0.076,1.73
0.077,1.72
0.077,1.72
0.077,1.73
0.077,1.75
0.077,1.68
0.077,1.73
0.078,1.2
0.078,1.2
0.078,1.2
0.078,1.2
0.078,1.2
0.079,1.2
0.079,1.69
0.079,1.2
0.079,1.2
0.079,1.2
0.079,1.2
0.080,1.2
0.080,1.2
0.080,1.69
0.080,1.2
0.080,1.2
0.081,1.2
0.081,1.2
0.081,1.2
0.081,1.2
0.081,1.2
0.081,1.76
0.082,1.7
0.082,1.2
0.082,1.2
0.082,1.2
0.082,1.2
0.083,1.2
0.083,1.2
0.083,1.75
0.083,1.68
0.083,1.72
0.083,1.71
0.084,1.71
0.084,1.7
0.084,1.72
0.084,1.67
0.084,1.69
0.085,1.66
0.085,1.73
0.085,1.73
0.085,1.72
0.085,1.71
0.085,1.72
0.086,1.73
0.086,1.6
0.086,1.2
0.086,1.2
0.086,1.2
0.087,1.56
0.087,1.68
0.087,1.73
0.087,1.74
0.087,1.75
0.087,1.69
0.088,1.73
0.088,1.74
0.088,1.74
0.088,1.68
0.088,1.73
0.089,1.72
0.089,1.74
0.089,1.67
0.089,1.73
0.089,1.72
0.090,1.72
0.090,1.68
0.090,1.72
0.090,1.72
0.090,1.75
0.090,1.7
0.091,1.72
0.091,1.72
0.091,1.74
0.091,1.71
0.091,1.71
0.091,1.73
0.092,1.75
0.092,1.65
0.092,1.73
0.092,1.73
0.092,1.72
0.093,1.68
0.093,1.72
0.093,1.73
0.093,1.75
0.093,1.71
0.093,1.72
0.094,1.73
0.094,1.73
0.094,1.71
0.094,1.73
0.094,1.2
0.095,1.2
0.095,1.2
0.095,1.2
0.095,1.2
0.095,1.2
0.095,1.7
0.096,1.2
0.096,1.2
0.096,1.2
0.096,1.2
0.096,1.2
0.097,1.2
0.097,1.71
0.097,1.21
0.097,1.2
0.097,1.21
0.097,1.2
0.098,1.2
0.098,1.2
0.098,1.2
0.098,1.72
0.098,1.68
0.099,1.73
0.099,1.21
0.099,1.2
0.099,1.2
0.099,1.2
0.099,1.2
0.100,1.75
0.100,1.2
0.100,1.2
0.100,1.75
0.100,1.76
0.101,1.69
0.101,1.69
0.101,1.72
0.101,1.72
0.101,1.71
0.101,1.73
0.102,1.73
0.102,1.76
0.102,1.71
0.102,1.72
0.102,1.71
0.103,1.62
0.103,1.2
0.103,1.2
0.103,1.2
0.103,1.21
0.103,1.65
0.104,1.72
0.104,1.73
0.104,1.73
0.104,1.69
0.104,1.73
0.105,1.73
0.105,1.75
0.105,1.71
0.105,1.72
0.105,1.72
0.105,1.73
0.106,1.7
0.106,1.71
0.106,1.72
0.106,1.75
0.106,1.67
0.107,1.68
0.107,1.68
0.107,1.68
0.107,1.7
0.107,1.73
0.107,1.72
0.108,1.73
0.108,1.71
0.108,1.73
0.108,1.72
0.108,1.72
0.108,1.7
0.109,1.7
0.109,1.7
0.109,1.69
0.109,1.65
0.109,1.71
0.110,1.71
0.110,1.71
0.110,1.67
0.110,1.71
0.110,1.72
0.111,1.73
0.111,1.69
0.111,1.73
0.111,1.2
0.111,1.2
0.111,1.2
0.112,1.2
0.112,1.66
0.112,1.2
0.112,1.65
0.112,1.2
0.113,1.2
0.113,1.2
0.113,1.2
0.113,1.2
0.113,1.2
0.113,1.2
0.114,1.2
0.114,1.2
0.114,1.2
0.114,1.2
0.114,1.2
0.114,1.2
0.115,1.36
0.115,1.73
0.115,1.65
0.115,1.71
0.115,1.2
0.116,1.2
0.116,1.2
0.116,1.2
0.116,1.2
0.116,1.74
0.117,1.2
0.117,1.2
0.117,1.2
0.117,1.34
0.117,1.71
0.117,1.71
0.118,1.73
0.118,1.7
0.118,1.67
0.118,1.71
0.118,1.71
0.119,1.72
0.119,1.71
0.119,1.73
0.119,1.72
0.119,1.73
0.119,1.7
0.120,1.71
0.120,1.72
0.120,1.73
0.120,1.71
0.120,1.72
0.120,1.72
0.121,1.73
0.121,1.65
0.121,1.71
0.121,1.72
0.121,1.72
0.122,1.68
0.122,1.72
0.122,1.72
0.122,1.74
0.122,1.71
0.123,1.71
0.123,1.71
0.123,1.73
0.123,1.71
0.123,1.73
0.123,1.71
0.124,1.73
0.124,1.2
0.124,1.2
0.124,1.2
0.124,1.2
0.124,1.71
0.125,1.72
0.125,1.72
0.125,1.74
0.125,1.7
0.125,1.72
0.126,1.72
0.126,1.72
0.126,1.71
0.126,1.72
0.126,1.7
0.126,1.72
0.127,1.65
0.127,1.73
0.127,1.74
0.127,1.75
0.127,1.7
0.128,1.72
0.128,1.21
0.128,1.75
0.128,1.72
0.128,1.74
0.129,1.74
0.129,1.74
0.129,1.73
0.129,1.73
0.129,1.72
0.129,1.72
0.130,1.68
0.130,1.72
0.130,1.72
0.130,1.74
0.130,1.72
0.131,1.57
0.131,1.72
0.131,1.73
0.131,1.71
0.131,1.72
0.131,1.73
0.132,1.72
0.132,1.72
0.132,1.72
0.132,1.72
0.132,1.2
0.133,1.2
0.133,1.2
0.133,1.2
0.133,1.2
0.133,1.28
0.133,1.2
0.134,1.2
0.134,1.2
0.134,1.2
0.134,1.2
0.134,1.21
0.135,1.74
0.135,1.69
0.135,1.72
0.135,1.76
0.135,1.77
0.135,1.67
0.136,1.72
0.136,1.73
0.136,1.75
0.136,1.2
0.136,1.2
0.137,1.2
0.137,1.2
0.137,1.2
0.137,1.2
0.137,1.2
0.138,1.74
0.138,1.2
0.138,1.2
0.138,1.2
0.138,1.2
0.138,1.2
0.139,1.2
0.139,1.73
0.139,1.2
0.139,1.2
0.139,1.2
0.140,1.2
0.140,1.21
0.140,1.7
0.140,1.74
0.145,1.61
0.150,1.61
0.155,1.61
0.160,1.6
0.165,1.67
0.170,1.67
0.175,1.58
0.180,1.39
0.185,1.39
0.190,1.38
0.195,1.57
0.200,1.61
0.205,1.69
0.210,1.69
0.215,1.6
0.220,1.67
0.225,1.62
0.230,1.62
0.235,1.68
0.240,1.69
0.245,1.67
0.250,1.65
0.255,1.61
0.260,1.59
0.265,1.63
0.270,1.64
0.275,1.67
0.280,1.67
0.285,1.67
0.290,1.69
0.295,1.67
0.300,1.68
0.305,1.67
0.310,1.67
0.315,1.66
0.320,1.67
0.325,1.66
0.330,1.67
0.335,1.61
0.340,1.64
0.345,1.65
0.350,1.65
0.355,1.67
0.360,1.68
0.365,1.68
0.370,1.67
0.375,1.66
0.380,1.68
0.385,1.65
0.390,1.67
0.395,1.66
0.400,1.66
0.405,1.65
0.410,1.66
0.415,1.39
0.420,1.39
0.425,1.38
0.430,1.38
0.435,1.38
0.440,1.38
0.445,1.65
0.450,1.64
0.455,1.64
0.460,1.61
0.465,1.65
0.470,1.65
0.475,1.64
0.480,1.66
0.485,1.64
0.490,1.66
0.495,1.59
0.500,1.66
0.505,1.66
0.510,1.66
0.515,1.66
0.520,1.67
0.525,1.4
0.530,1.4
0.535,1.4
0.540,1.39
0.545,1.4
0.550,1.47
0.555,1.65
0.560,1.67
0.565,1.65
0.570,1.65
0.575,1.59
0.580,1.59
0.585,1.6
0.590,1.63
0.595,1.65
0.600,1.65
0.605,1.65
0.610,1.65
0.615,1.64
0.620,1.6
0.625,1.67
0.630,1.66
0.635,1.66
0.640,1.69
0.645,1.41
0.650,1.41
0.655,1.4
0.660,1.4
0.665,1.4
0.670,1.56
0.675,1.45
0.680,1.4
0.685,1.4
0.690,1.4
0.695,1.39
0.700,1.39
0.705,1.4
0.710,1.67
0.715,1.4
0.720,1.41
0.725,1.4
0.730,1.41
0.735,1.4
0.740,1.45
0.745,1.62
0.750,1.65
0.755,1.63
0.760,1.65
0.765,1.66
0.770,1.65
0.775,1.65
0.780,1.66
0.785,1.65
0.790,1.66
0.795,1.66
0.800,1.67
0.805,1.61
0.810,1.66
0.815,1.6
0.820,1.65
0.825,1.59
0.830,1.6
0.835,1.6
0.840,1.59
0.845,1.66
0.850,1.66
0.855,1.59
0.860,1.6
0.865,1.59
0.870,1.6
0.875,1.39
0.880,1.39
0.885,1.38
0.890,1.39
0.895,1.55
0.900,1.38
0.905,1.56
0.910,1.4
0.915,1.39
0.920,1.39
0.925,1.38
0.930,1.4
0.935,1.38
0.940,1.58
0.945,1.38
0.950,1.39
0.955,1.39
0.960,1.39
0.965,1.38
0.970,1.39
0.975,1.38
0.980,1.59
0.985,1.39
0.990,1.39
0.995,1.39
1.000,1.58
1.005,1.39
1.010,1.4
1.015,1.38
1.020,1.4
1.025,1.39
1.030,1.39
1.035,1.39
1.040,1.39
1.045,1.66
1.050,1.64
1.055,1.56
1.060,1.55
1.065,1.57
1.070,1.58
1.075,1.59
1.080,1.59
1.085,1.64
1.090,1.66
1.095,1.58
1.100,1.59
1.105,1.38
1.110,1.59
1.115,1.59
1.120,1.6
1.125,1.64
1.130,1.59
1.135,1.55
1.140,1.59
1.145,1.59
1.150,1.59
1.155,1.58
1.160,1.59
1.165,1.65
1.170,1.64
1.175,1.59
1.180,1.6
1.185,1.59
1.190,1.6
1.195,1.6
1.200,1.65
1.205,1.65
1.210,1.59
1.215,1.37
1.220,1.36
1.225,1.37
1.230,1.58
1.235,1.37
1.240,1.66
1.245,1.66
1.250,1.66
1.255,1.64
1.260,1.59
1.265,1.65
1.270,1.64
1.275,1.66
1.280,1.66
1.285,1.66
1.290,1.65
1.295,1.59
1.300,1.65
1.305,1.65
1.310,1.64
1.315,1.66
1.320,1.65
1.325,1.65
1.330,1.66
1.335,1.63
1.340,1.65
1.345,1.66
1.350,1.64
1.355,1.65
1.360,1.63
1.365,1.65
1.370,1.65
1.375,1.56
1.380,1.57
1.385,1.61
1.390,1.63
1.395,1.64
1.400,1.65
1.405,1.59
1.410,1.65
1.415,1.64
1.420,1.65
1.425,1.66
1.430,1.67
1.435,1.65
1.440,1.66
1.445,1.65
1.450,1.36
1.455,1.36
1.460,1.37
1.465,1.36
1.470,1.36
1.475,1.64
1.480,1.63
1.485,1.66
1.490,1.68
1.495,1.66
1.500,1.66
1.505,1.66
1.510,1.68
1.515,1.67
1.520,1.67
1.525,1.67
1.530,1.68
1.535,1.58
1.540,1.56
1.545,1.62
1.550,1.64
1.555,1.67
1.560,1.67
1.565,1.67
1.570,1.34
1.575,1.34
1.580,1.35
1.585,1.34
1.590,1.34
1.595,1.66
1.600,1.68
1.605,1.68
1.610,1.68
1.615,1.6
1.620,1.67
1.625,1.68
1.630,1.67
1.635,1.66
1.640,1.69
1.645,1.68
1.650,1.68
1.655,1.67
1.660,1.68
1.665,1.68
1.670,1.7
1.675,1.67
1.680,1.33
1.685,1.33
1.690,1.34
1.695,1.34
1.700,1.35
1.705,1.34
1.710,1.65
1.715,1.34
1.720,1.33
1.725,1.33
1.730,1.33
1.735,1.33
1.740,1.33
1.745,1.56
1.750,1.32
1.755,1.33
1.760,1.33
1.765,1.33
1.770,1.33
1.775,1.34
1.780,1.69
1.785,1.67
1.790,1.68
1.795,1.61
1.800,1.68
1.805,1.68
1.810,1.69
1.815,1.67
1.820,1.68
1.825,1.67
1.830,1.67
1.835,1.67
1.840,1.68
1.845,1.68
1.850,1.68
1.855,1.6
1.860,1.57
1.865,1.63
1.870,1.64
1.875,1.69
1.880,1.69
1.885,1.7
1.890,1.68
1.895,1.65
1.900,1.59
1.905,1.68
1.910,1.33
1.915,1.32
1.920,1.31
1.925,1.32
1.930,1.32
1.935,1.32
1.940,1.65
1.945,1.32
1.950,1.32
1.955,1.32
1.960,1.32
1.965,1.31
1.970,1.31
1.975,1.31
1.980,1.31
1.985,1.31
1.990,1.31
1.995,1.31
2.000,1.31
2.005,1.32
2.010,1.33
2.015,1.62
2.020,1.56
2.025,1.63
2.030,1.65
2.035,1.32
2.040,1.31
2.045,1.32
2.050,1.31
2.055,1.58
2.060,1.64
2.065,1.68
2.070,1.66
2.075,1.68
2.080,1.7
2.085,1.69
2.090,1.69
2.095,1.61
2.100,1.67
2.105,1.67
2.110,1.67
2.115,1.67
2.120,1.63
2.125,1.66
2.130,1.66
2.135,1.65
2.140,1.32
2.145,1.32
2.150,1.32
2.155,1.32
2.160,1.31
2.165,1.31
2.170,1.63
2.175,1.62
2.180,1.57
2.185,1.64
2.190,1.67
2.195,1.7
2.200,1.67
2.205,1.66
2.210,1.67
2.215,1.65
2.220,1.65
2.225,1.66
2.230,1.61
2.235,1.61
2.240,1.63
2.245,1.67
2.250,1.67
2.255,1.3
2.260,1.67
2.265,1.65
2.270,1.65
2.275,1.61
2.280,1.62
2.285,1.66
2.290,1.65
2.295,1.67
2.300,1.68
2.305,1.67
2.310,1.67
2.315,1.67
2.320,1.67
2.325,1.68
2.330,1.67
2.335,1.57
2.340,1.54
2.345,1.62
2.350,1.64
2.355,1.65
2.360,1.65
2.365,1.66
2.370,1.31
2.375,1.64
2.380,1.3
2.385,1.43
2.390,1.3
2.395,1.31
2.400,1.31
2.405,1.67
2.410,1.67
2.415,1.61
2.420,1.65
2.425,1.61
2.430,1.67
2.435,1.67
2.440,1.65
2.445,1.67
2.450,1.67
2.455,1.67
2.460,1.65
2.465,1.6
2.470,1.68
2.475,1.68
2.480,1.68
2.485,1.66
2.490,1.4
2.495,1.32
2.500,1.32
2.505,1.31
2.510,1.33
2.515,1.32
2.520,1.66
2.525,1.32
2.530,1.32
2.535,1.32
2.540,1.32
2.545,1.32
2.550,1.32
2.555,1.66
2.560,1.32
2.565,1.32
2.570,1.32
2.575,1.33
2.580,1.33
2.585,1.33
2.590,1.67
2.595,1.64
2.600,1.33
2.605,1.33
2.610,1.35
2.615,1.63
2.620,1.67
2.625,1.64
2.630,1.66
2.635,1.66
2.640,1.69
2.645,1.64
2.650,1.69
2.655,1.61
2.660,1.57
2.665,1.61
2.670,1.65
2.675,1.64
2.680,1.63
2.685,1.62
2.690,1.67
2.695,1.66
2.700,1.66
2.705,1.66
2.710,1.67
2.715,1.65
2.720,1.32
2.725,1.32
2.730,1.32
2.735,1.57
2.740,1.65
2.745,1.66
2.750,1.67
2.755,1.66
2.760,1.66
2.765,1.66
2.770,1.65
2.775,1.64
2.780,1.66
2.785,1.65
2.790,1.65
2.795,1.68
2.800,1.72
2.805,1.71
2.810,1.68
2.815,1.64
2.820,1.58
2.825,1.61
2.830,1.32
2.835,1.64
2.840,1.64
2.845,1.66
2.850,1.67
2.855,1.65
2.860,1.67
2.865,1.66
2.870,1.65
2.875,1.63
2.880,1.66
2.885,1.68
2.890,1.67
2.895,1.62
2.900,1.68
2.905,1.66
2.910,1.68
2.915,1.66
2.920,1.69
2.925,1.65
2.930,1.68
2.935,1.66
2.940,1.68
2.945,1.69
2.950,1.69
2.955,1.33
2.960,1.33
2.965,1.33
2.970,1.33
2.975,1.33
2.980,1.58
2.985,1.33
2.990,1.34
2.995,1.34
3.000,1.33
3.005,1.34
3.010,1.34
3.015,1.68
3.020,1.68
3.025,1.68
3.030,1.69
3.035,1.67
3.040,1.67
3.045,1.69
3.050,1.57
3.055,1.63
3.060,1.69
3.065,1.33
3.070,1.32
3.075,1.32
3.080,1.32
3.085,1.33
3.090,1.33
3.095,1.63
3.100,1.33
3.105,1.32
3.110,1.34
3.115,1.32
3.120,1.33
3.125,1.33
3.130,1.66
3.135,1.33
3.140,1.32
3.145,1.32
3.150,1.32
3.155,1.32
3.160,1.68
3.165,1.65
3.170,1.67
3.175,1.66
3.180,1.4
3.185,1.67
3.190,1.68
3.195,1.67
3.200,1.67
3.205,1.67
3.210,1.67
3.215,1.62
3.220,1.67
3.225,1.67
3.230,1.69
3.235,1.67
3.240,1.66
3.245,1.67
3.250,1.68
3.255,1.66
3.260,1.65
3.265,1.65
3.270,1.68
3.275,1.58
3.280,1.67
3.285,1.67
3.290,1.33
3.295,1.59
3.300,1.58
3.305,1.62
3.310,1.64
3.315,1.67
3.320,1.66
3.325,1.66
3.330,1.67
3.335,1.64
3.340,1.67
3.345,1.67
3.350,1.67
3.355,1.67
3.360,1.67
3.365,1.66
3.370,1.66
3.375,1.6
3.380,1.65
3.385,1.66
3.390,1.66
3.395,1.66
3.400,1.67
3.405,1.69
3.410,1.35
3.415,1.32
3.421,1.32
3.425,1.32
3.433,1.32
3.437,1.32
3.440,1.67
3.445,1.31
3.450,1.31
3.455,1.31
3.462,1.31
3.465,1.31
3.470,1.32
3.475,1.67
3.480,1.31
3.485,1.31
3.491,1.32
3.495,1.31
3.501,1.31
3.506,1.31
3.510,1.32
3.516,1.68
3.520,1.68
3.525,1.3
3.533,1.3
3.535,1.3
3.540,1.3
3.546,1.29
3.554,1.3
3.555,1.67
3.560,1.65
3.565,1.68
3.570,1.66
3.575,1.65
3.580,1.67
3.585,1.67
3.590,1.67
3.595,1.66
3.600,1.66
3.605,1.64
3.610,1.66
3.615,1.59
3.620,1.56
3.625,1.61
3.630,1.64
3.637,1.67
3.640,1.67
3.645,1.3
3.650,1.3
3.655,1.3
3.660,1.3
3.665,1.57
3.670,1.67
3.675,1.66
3.680,1.67
3.685,1.65
3.690,1.67
3.695,1.58
3.700,1.66
3.705,1.66
3.710,1.65
3.715,1.66
3.720,1.62
3.725,1.66
3.730,1.64
3.735,1.65
3.740,1.66
3.745,1.65
3.750,1.66
3.755,1.29
3.761,1.66
3.765,1.66
3.770,1.65
3.775,1.56
3.780,1.54
3.785,1.6
3.790,1.63
3.795,1.64
3.800,1.66
3.805,1.66
3.810,1.64
3.815,1.64
3.820,1.57
3.825,1.66
3.830,1.67
3.835,1.66
3.840,1.66
3.845,1.64
3.853,1.65
3.857,1.56
3.860,1.62
3.865,1.63
3.870,1.28
3.875,1.27
3.880,1.66
3.885,1.27
3.890,1.27
3.895,1.28
3.900,1.28
3.905,1.27
3.910,1.28
3.915,1.27
3.920,1.27
3.925,1.27
3.930,1.27
3.935,1.54
3.941,1.27
3.945,1.28
3.950,1.28
3.955,1.64
3.960,1.27
3.965,1.27
3.970,1.28
3.975,1.64
3.980,1.64
3.985,1.28
3.990,1.28
3.995,1.28
4.000,1.28
4.005,1.28
4.010,1.29
4.015,1.28
4.020,1.62
4.025,1.63
4.030,1.63
4.035,1.64
4.040,1.64
4.045,1.64
4.050,1.64
4.055,1.62
4.060,1.65
4.065,1.64
4.070,1.65
4.075,1.65
4.080,1.66
4.085,1.65
4.090,1.65
4.095,1.57
4.100,1.54
4.105,1.29
4.110,1.3
4.115,1.29
4.120,1.28
4.125,1.29
4.130,1.36
4.135,1.64
4.140,1.65
4.145,1.64
4.150,1.65
4.155,1.65
4.160,1.66
4.165,1.64
4.170,1.64
4.175,1.57
4.180,1.59
4.185,1.6
4.190,1.6
4.195,1.6
4.200,1.65
4.205,1.63
4.210,1.64
4.215,1.28
4.220,1.28
4.225,1.28
4.230,1.28
4.235,1.63
4.240,1.66
4.245,1.64
4.250,1.65
4.255,1.57
4.260,1.55
4.265,1.59
4.270,1.64
4.275,1.63
4.280,1.61
4.285,1.65
4.290,1.63
4.295,1.64
4.300,1.68
4.305,1.66
4.310,1.66
4.315,1.65
4.320,1.68
4.325,1.68
4.330,1.67
4.335,1.28
4.354,1.63
4.354,1.63
4.354,1.67
4.355,1.66
4.365,1.67
4.366,1.63
4.370,1.68
4.375,1.67
4.380,1.7
4.385,1.68
4.390,1.69
4.395,1.67
4.400,1.66
4.405,1.65
4.410,1.65
4.415,1.57
4.420,1.55
4.425,1.6
4.430,1.65
4.435,1.68
4.440,1.68
4.445,1.35
4.450,1.28
4.455,1.28
4.460,1.28
4.465,1.28
4.470,1.28
4.475,1.29
4.480,1.67
4.485,1.67
4.490,1.67
4.495,1.59
4.500,1.64
4.505,1.64
4.510,1.66
4.515,1.66
4.520,1.67
4.525,1.66
4.530,1.66
4.535,1.65
4.540,1.67
4.545,1.68
4.550,1.67
4.555,1.64
4.560,1.69
4.565,1.68
4.571,1.29
4.575,1.29
4.580,1.29
4.585,1.29
4.590,1.54
4.595,1.69
4.601,1.68
4.605,1.7
4.610,1.7
4.616,1.68
4.620,1.7
4.625,1.69
4.631,1.68
4.635,1.69
4.640,1.71
4.645,1.68
4.650,1.68
4.655,1.6
4.660,1.68
4.665,1.67
4.670,1.69
4.675,1.68
4.680,1.29
4.685,1.29
4.690,1.3
4.695,1.3
4.700,1.3
4.705,1.29
4.710,1.69
4.715,1.3
4.720,1.3
4.725,1.29
4.730,1.29
4.735,1.29
4.740,1.29
4.745,1.62
4.750,1.29
4.755,1.29
4.760,1.29
4.765,1.29
4.770,1.3
4.775,1.3
4.780,1.69
4.785,1.7
4.790,1.72
4.795,1.7
4.801,1.68
4.805,1.67
4.810,1.66
4.815,1.61
4.821,1.67
4.825,1.66
4.830,1.65
4.835,1.66
4.840,1.66
4.845,1.66
4.850,1.68
4.855,1.66
4.860,1.67
4.866,1.67
4.870,1.67
4.875,1.67
4.880,1.67
4.885,1.64
4.890,1.67
4.896,1.61
4.900,1.56
4.905,1.62
4.910,1.33
4.915,1.32
4.921,1.31
4.925,1.32
4.930,1.33
4.938,1.32
4.941,1.67
4.946,1.31
4.952,1.32
4.955,1.33
4.960,1.32
4.965,1.33
4.970,1.32
4.975,1.62
4.980,1.33
4.985,1.33
4.991,1.32
4.995,1.32
5.004,1.32
5.006,1.32
5.011,1.34
5.016,1.65
5.021,1.66
5.025,1.65
5.030,1.67
5.036,1.31
5.040,1.31
5.045,1.3
5.050,1.31
5.055,1.6
5.060,1.57
5.065,1.61
5.070,1.65
5.075,1.67
5.080,1.66
5.085,1.65
5.090,1.66
5.095,1.65
5.100,1.6
5.106,1.65
5.110,1.67
5.116,1.65
5.120,1.66
5.125,1.66
5.130,1.66
5.135,1.6
5.140,1.32
5.145,1.31
5.151,1.31
5.155,1.31
5.160,1.31
5.166,1.31
5.171,1.66
5.176,1.64
5.180,1.65
5.186,1.65
5.191,1.67
5.195,1.67
5.201,1.65
5.205,1.67
5.211,1.67
5.215,1.61
5.221,1.58
5.226,1.64
5.232,1.64
5.236,1.65
5.241,1.66
5.246,1.65
5.250,1.65
5.256,1.62
5.261,1.65
5.267,1.64
5.273,1.66
5.275,1.65
5.281,1.65
5.286,1.64
5.291,1.66
5.296,1.61
5.300,1.64
5.305,1.66
5.311,1.66
5.315,1.65
5.320,1.66
5.325,1.65
5.330,1.66
5.336,1.64
5.340,1.65
5.345,1.65
5.350,1.64
5.355,1.63
5.360,1.65
5.365,1.65
5.370,1.33
5.375,1.32
5.380,1.33
5.385,1.37
5.391,1.33
5.395,1.33
5.400,1.64
5.406,1.33
5.410,1.66
5.415,1.33
5.420,1.33
5.425,1.65
5.430,1.34
5.435,1.33
5.442,1.33
5.446,1.32
5.450,1.64
5.455,1.33
5.460,1.34
5.465,1.33
5.470,1.33
5.475,1.64
5.480,1.64
5.487,1.34
5.490,1.34
5.495,1.33
5.500,1.58
5.506,1.33
5.510,1.35
5.515,1.33
5.520,1.34
5.525,1.33
5.530,1.34
5.535,1.34
5.540,1.56
5.545,1.61
5.550,1.62
5.556,1.62
5.560,1.64
5.565,1.64
5.570,1.64
5.575,1.64
5.581,1.65
5.585,1.64
5.591,1.65
5.596,1.66
5.601,1.33
5.606,1.64
5.610,1.64
5.616,1.61
5.620,1.65
5.625,1.66
5.630,1.67
5.635,1.66
5.640,1.66
5.645,1.65
5.650,1.64
5.656,1.65
5.661,1.65
5.666,1.64
5.671,1.66
5.676,1.65
5.680,1.64
5.686,1.67
5.690,1.66
5.695,1.62
5.700,1.61
5.705,1.63
5.710,1.64
5.715,1.64
5.720,1.34
5.726,1.34
5.731,1.34
5.736,1.35
5.740,1.62
5.746,1.65
5.750,1.67
5.755,1.67
5.760,1.66
5.765,1.66
5.770,1.65
5.775,1.64
5.780,1.66
5.785,1.66
5.790,1.66
5.796,1.66
5.800,1.66
5.805,1.66
5.810,1.67
5.815,1.65
5.821,1.66
5.825,1.66
5.830,1.34
5.836,1.66
5.840,1.67
5.845,1.66
5.850,1.62
5.855,1.61
5.861,1.61
5.866,1.61
5.871,1.64
5.876,1.63
5.881,1.65
5.886,1.65
5.891,1.66
5.896,1.64
5.901,1.66
5.906,1.65
5.911,1.68
5.915,1.67
5.921,1.67
5.929,1.65
5.930,1.63
5.936,1.62
5.941,1.63
5.946,1.67
5.951,1.66
5.956,1.34
5.961,1.35
5.966,1.35
5.970,1.34
5.975,1.34
5.980,1.43
5.985,1.34
5.990,1.34
5.995,1.34
6.000,1.34
6.005,1.34
6.010,1.36
6.015,1.64
6.021,1.64
6.026,1.68
6.031,1.7
6.036,1.64
6.041,1.69
6.046,1.71
6.051,1.69
6.056,1.71
6.061,1.34
6.066,1.33
6.071,1.33
6.075,1.34
6.081,1.34
6.085,1.34
6.090,1.34
6.095,1.64
6.100,1.34
6.105,1.34
6.110,1.35
6.115,1.33
6.120,1.33
6.125,1.34
6.130,1.69
6.135,1.34
6.140,1.34
6.145,1.33
6.150,1.33
6.155,1.39
6.160,1.68
6.165,1.67
6.170,1.68
6.175,1.62
6.180,1.32
6.185,1.66
6.190,1.67
6.195,1.67
6.200,1.66
6.205,1.67
6.210,1.67
6.215,1.66
6.220,1.67
6.225,1.66
6.230,1.68
6.235,1.67
6.240,1.67
6.245,1.67
6.250,1.65
6.255,1.65
6.260,1.66
6.265,1.65
6.270,1.66
6.275,1.68
6.280,1.68
6.285,1.68
6.290,1.32
6.295,1.68
6.300,1.68
6.305,1.66
6.310,1.69
6.315,1.68
6.320,1.67
6.325,1.67
6.330,1.68
6.335,1.66
6.340,1.65
6.345,1.66
6.350,1.66
6.355,1.65
6.360,1.67
6.365,1.68
6.370,1.66
6.375,1.67
6.380,1.66
6.386,1.67
6.390,1.67
6.395,1.69
6.400,1.69
6.405,1.65
6.411,1.33
6.416,1.32
6.421,1.32
6.425,1.31
6.431,1.31
6.436,1.31
6.441,1.65
6.446,1.31
6.451,1.31
6.456,1.31
6.461,1.3
6.466,1.3
6.471,1.31
6.476,1.66
6.481,1.31
6.486,1.3
6.491,1.31
6.496,1.31
6.501,1.31
6.506,1.31
6.511,1.65
6.516,1.66
6.521,1.63
6.526,1.3
6.531,1.3
6.536,1.3
6.541,1.3
6.545,1.29
6.551,1.29
6.556,1.3
6.561,1.69
6.566,1.68
6.571,1.67
6.576,1.67
6.581,1.68
6.586,1.68
6.591,1.69
6.596,1.68
6.601,1.66
6.606,1.68
6.611,1.69
6.617,1.68
6.621,1.66
6.626,1.67
6.631,1.69
6.635,1.69
6.641,1.68
6.646,1.29
6.651,1.29
6.656,1.29
6.661,1.67
6.666,1.68
6.671,1.67
6.676,1.68
6.685,1.69
6.686,1.68
6.691,1.69
6.696,1.68
6.701,1.67
6.706,1.68
6.711,1.7
6.716,1.68
6.721,1.68
6.726,1.68
6.731,1.71
6.736,1.68
6.741,1.68
6.746,1.69
6.751,1.28
6.755,1.67
6.761,1.67
6.766,1.67
6.771,1.69
6.776,1.68
6.780,1.68
6.786,1.69
6.791,1.69
6.796,1.7
6.801,1.69
6.806,1.69
6.811,1.68
6.816,1.67
6.821,1.68
6.826,1.68
6.831,1.69
6.836,1.69
6.841,1.67
6.846,1.7
6.851,1.67
6.857,1.68
6.861,1.69
6.866,1.69
6.871,1.28
6.876,1.28
6.881,1.28
6.886,1.28
6.891,1.68
6.896,1.27
6.901,1.27
6.906,1.28
6.911,1.69
6.916,1.28
6.921,1.67
6.926,1.27
6.931,1.28
6.936,1.27
6.941,1.7
6.946,1.7
6.951,1.71
6.956,1.7
6.961,1.72
6.966,1.71
6.971,1.69
6.976,1.69
6.981,1.7
6.986,1.27
6.991,1.27
6.996,1.27
7.001,1.27
7.006,1.27
7.011,1.28
7.017,1.71
7.021,1.27
7.026,1.27
7.033,1.27
7.036,1.27
7.041,1.27
7.046,1.27
7.051,1.71
7.055,1.27
7.061,1.27
7.066,1.27
7.071,1.27
7.076,1.69
7.081,1.72
7.086,1.71
7.091,1.71
7.096,1.68
7.101,1.61
7.106,1.69
7.111,1.7
7.116,1.69
7.121,1.69
7.126,1.7
7.131,1.72
7.136,1.69
7.141,1.69
7.146,1.7
7.151,1.69
7.156,1.69
7.161,1.69
7.166,1.7
7.171,1.68
7.176,1.68
7.181,1.69
7.186,1.68
7.191,1.71
7.196,1.71
7.201,1.69
7.206,1.69
7.211,1.7
7.216,1.28
7.221,1.28
7.226,1.28
7.231,1.67
7.236,1.7
7.241,1.7
7.246,1.7
7.251,1.72
7.256,1.72
7.261,1.71
7.266,1.71
7.271,1.7
7.276,1.69
7.281,1.72
7.286,1.72
7.291,1.7
7.296,1.69
7.301,1.69
7.306,1.69
7.311,1.68
7.316,1.68
7.321,1.69
7.326,1.68
7.331,1.26
7.336,1.68
7.341,1.68
7.346,1.7
7.351,1.68
7.356,1.68
7.361,1.68
7.366,1.69
7.371,1.7
7.376,1.67
7.381,1.68
7.386,1.69
7.391,1.66
7.396,1.67
7.401,1.68
7.406,1.68
7.411,1.67
7.416,1.66
7.421,1.68
7.426,1.67
7.431,1.69
7.436,1.67
7.441,1.68
7.446,1.27
7.451,1.27
7.456,1.27
7.461,1.27
7.466,1.27
7.471,1.27
7.476,1.62
7.481,1.27
7.486,1.27
7.491,1.28
7.496,1.27
7.501,1.27
7.506,1.27
7.511,1.28
7.516,1.45
7.521,1.27
7.526,1.27
7.531,1.27
7.536,1.27
7.541,1.27
7.546,1.27
7.551,1.69
7.556,1.69
7.561,1.31
7.566,1.27
7.571,1.27
7.576,1.27
7.581,1.27
7.586,1.27
7.591,1.65
7.596,1.67
7.601,1.67
7.606,1.68
7.611,1.68
7.616,1.65
7.621,1.66
7.626,1.65
7.631,1.67
7.636,1.63
7.641,1.67
7.646,1.67
7.651,1.67
7.656,1.67
7.661,1.66
7.666,1.68
7.671,1.67
7.676,1.28
7.681,1.27
7.686,1.27
7.691,1.27
7.696,1.66
7.701,1.66
7.706,1.69
7.711,1.67
7.716,1.67
7.721,1.67
7.726,1.68
7.731,1.68
7.736,1.67
7.741,1.67
7.746,1.68
7.751,1.56
7.756,1.66
7.761,1.65
7.766,1.67
7.771,1.66
7.776,1.65
7.781,1.65
7.786,1.66
7.791,1.66
7.796,1.67
7.801,1.66
7.806,1.67
7.811,1.66
7.816,1.66
7.821,1.67
7.826,1.66
7.831,1.66
7.836,1.65
7.841,1.65
7.846,1.67
7.851,1.65
7.856,1.65
7.861,1.65
7.866,1.66
7.871,1.65
7.876,1.65
7.881,1.66
7.886,1.66
7.891,1.66
7.896,1.64
7.901,1.66
7.906,1.28
7.911,1.29
7.916,1.28
7.921,1.28
7.926,1.28
7.931,1.28
7.936,1.63
7.941,1.28
7.946,1.28
7.951,1.28
7.956,1.28
7.961,1.28
7.966,1.28
7.971,1.28
7.976,1.41
7.981,1.28
7.986,1.28
7.991,1.28
7.996,1.28
8.001,1.28
8.009,1.28
8.011,1.55
8.016,1.6
8.021,1.66
8.026,1.67
8.031,1.28
8.036,1.29
8.041,1.28
8.046,1.28
8.051,1.46
8.056,1.28
8.061,1.29
8.066,1.29
8.071,1.67
8.076,1.67
8.081,1.67
8.086,1.67
8.093,1.69
8.096,1.67
8.101,1.68
8.106,1.65
8.111,1.67
8.116,1.67
8.121,1.69
8.126,1.69
8.131,1.68
8.136,1.28
8.141,1.28
8.146,1.27
8.151,1.27
8.156,1.67
8.162,1.7
8.166,1.7
8.171,1.67
8.176,1.67
8.181,1.67
8.186,1.65
8.191,1.67
8.197,1.64
8.201,1.67
8.209,1.65
8.212,1.66
8.216,1.66
8.221,1.64
8.226,1.67
8.231,1.66
8.236,1.66
8.241,1.66
8.246,1.65
8.251,1.66
8.256,1.34
8.261,1.64
8.266,1.67
8.271,1.66
8.276,1.65
8.281,1.67
8.286,1.66
8.291,1.65
8.296,1.59
8.301,1.61
8.306,1.67
8.313,1.62
8.316,1.66
8.321,1.67
8.326,1.66
8.331,1.67
8.336,1.66
8.341,1.65
8.346,1.64
8.351,1.64
8.356,1.65
8.361,1.64
8.366,1.42
8.371,1.28
8.376,1.29
8.381,1.28
8.386,1.66
8.391,1.28
8.396,1.51
8.402,1.62
8.406,1.29
8.411,1.3
8.416,1.28
8.421,1.29
8.426,1.28
8.431,1.29
8.436,1.65
8.441,1.29
8.446,1.29
8.451,1.28
8.456,1.28
8.461,1.28
8.466,1.28
8.472,1.66
8.476,1.65
8.481,1.64
8.487,1.27
8.492,1.27
8.496,1.27
8.501,1.27
8.506,1.28
8.511,1.28
8.516,1.46
8.522,1.27
8.526,1.27
8.531,1.27
8.536,1.27
8.541,1.28
8.546,1.27
8.551,1.67
8.556,1.65
8.561,1.67
8.566,1.67
8.571,1.65
8.576,1.62
8.581,1.6
8.586,1.61
8.591,1.65
8.596,1.4
8.601,1.6
8.606,1.6
8.611,1.65
8.616,1.66
8.621,1.63
8.626,1.66
8.631,1.66
8.636,1.64
8.641,1.62
8.646,1.64
8.651,1.62
8.656,1.61
8.661,1.65
8.666,1.63
8.671,1.65
8.676,1.66
8.681,1.63
8.686,1.62
8.691,1.62
8.696,1.63
8.701,1.63
8.706,1.64
8.711,1.62
8.716,1.61
8.721,1.28
8.726,1.28
8.731,1.28
8.736,1.65
8.741,1.64
8.746,1.66
8.751,1.65
8.756,1.64
8.761,1.63
8.766,1.64
8.771,1.59
8.776,1.65
8.781,1.63
8.786,1.61
8.791,1.63
8.796,1.6
8.801,1.66
8.806,1.66
8.811,1.63
8.816,1.62
8.821,1.58
8.826,1.28
8.831,1.64
8.836,1.64
8.841,1.65
8.846,1.6
8.851,1.61
8.856,1.67
8.861,1.63
8.866,1.66
8.871,1.63
8.876,1.67
8.881,1.66
8.886,1.68
8.891,1.67
8.896,1.62
8.901,1.6
8.906,1.64
8.911,1.66
8.916,1.62
8.921,1.61
8.926,1.67
8.931,1.67
8.936,1.66
8.941,1.66
8.946,1.64
8.951,1.29
8.956,1.28
8.961,1.28
8.966,1.28
8.971,1.28
8.976,1.62
8.981,1.28
8.986,1.28
8.991,1.28
8.996,1.28
9.001,1.28
9.006,1.28
9.011,1.66
9.016,1.64
9.021,1.65
9.026,1.66
9.031,1.67
9.036,1.66
9.041,1.65
9.046,1.65
9.051,1.65
9.056,1.62
9.061,1.28
9.066,1.28
9.071,1.28
9.076,1.27
9.081,1.28
9.086,1.28
9.091,1.64
9.096,1.29
9.101,1.27
9.106,1.28
9.111,1.29
9.116,1.28
9.121,1.28
9.126,1.62
9.131,1.28
9.136,1.28
9.141,1.28
9.146,1.28
9.151,1.27
9.156,1.61
9.161,1.64
9.166,1.64
9.171,1.63
9.176,1.61
9.181,1.62
9.186,1.64
9.191,1.64
9.196,1.64
9.201,1.64
9.206,1.65
9.211,1.64
9.216,1.61
9.221,1.62
9.226,1.64
9.231,1.63
9.236,1.63
9.241,1.6
9.246,1.6
9.251,1.64
9.256,1.64
9.261,1.62
9.266,1.63
9.271,1.63
9.276,1.64
9.281,1.63
9.286,1.3
9.291,1.56
9.296,1.61
9.301,1.63
9.306,1.63
9.311,1.63
9.316,1.62
9.321,1.63
9.326,1.63
9.331,1.63
9.336,1.63
9.341,1.64
9.346,1.63
9.351,1.64
9.356,1.65
9.361,1.63
9.366,1.64
9.371,1.62
9.376,1.62
9.381,1.6
9.386,1.62
9.391,1.63
9.396,1.66
9.401,1.65
9.406,1.67
9.411,1.29
9.416,1.28
9.421,1.28
9.426,1.28
9.431,1.28
9.436,1.65
9.441,1.28
9.446,1.28
9.451,1.28
9.456,1.28
9.461,1.28
9.466,1.28
9.471,1.55
9.476,1.28
9.481,1.28
9.486,1.29
9.491,1.29
9.496,1.29
9.501,1.28
9.506,1.28
9.511,1.65
9.516,1.65
9.521,1.28
9.526,1.28
9.531,1.28
9.536,1.28
9.541,1.28
9.546,1.28
9.551,1.64
9.556,1.29
9.561,1.65
9.566,1.64
9.571,1.65
9.576,1.64
9.581,1.65
9.586,1.67
9.591,1.66
9.596,1.65
9.601,1.64
9.606,1.69
9.611,1.69
9.616,1.65
9.621,1.67
9.626,1.69
9.631,1.68
9.636,1.67
9.641,1.27
9.646,1.27
9.651,1.27
9.656,1.27
9.661,1.64
9.666,1.67
9.671,1.69
9.676,1.66
9.681,1.64
9.686,1.64
9.691,1.67
9.696,1.67
9.701,1.67
9.706,1.69
9.711,1.69
9.716,1.65
9.721,1.65
9.726,1.64
9.731,1.64
9.736,1.68
9.741,1.69
9.746,1.65
9.751,1.68
9.756,1.71
9.761,1.69
9.766,1.69
9.771,1.66
9.776,1.68
9.781,1.67
9.786,1.71
9.791,1.7
9.796,1.72
9.801,1.68
9.806,1.7
9.811,1.67
9.816,1.69
9.821,1.71
9.826,1.67
9.831,1.66
9.836,1.68
9.841,1.64
9.846,1.69
9.851,1.71
9.856,1.67
9.861,1.66
9.866,1.3
9.871,1.64
9.876,1.28
9.881,1.29
9.886,1.28
9.891,1.34
9.896,1.68
9.901,1.28
9.906,1.28
9.911,1.3
9.916,1.28
9.921,1.28
9.926,1.28
9.931,1.29
9.936,1.69
9.941,1.67
9.946,1.69
9.951,1.69
9.956,1.7
9.961,1.72
9.966,1.67
9.971,1.63
9.976,1.62
9.981,1.28
9.986,1.28
9.991,1.28
9.996,1.28
10.001,1.28
10.006,1.28
10.011,1.29
10.016,1.54
10.021,1.28
10.026,1.28
10.031,1.28
10.036,1.28
10.041,1.28
10.046,1.28
10.051,1.57
10.056,1.28
10.061,1.28
10.066,1.28
10.071,1.28
10.076,1.68
10.081,1.7
10.086,1.64
10.091,1.66
10.096,1.33
10.101,1.65
10.106,1.69
10.111,1.69
10.116,1.67
10.121,1.69
10.126,1.67
10.131,1.66
10.136,1.68
10.141,1.7
10.146,1.68
10.151,1.66
10.156,1.66
10.161,1.67
10.166,1.67
10.171,1.68
10.176,1.66
10.181,1.66
10.186,1.67
10.191,1.67
10.196,1.67
10.201,1.66
10.206,1.68
10.211,1.29
10.216,1.28
10.221,1.28
10.226,1.28
10.231,1.67
10.236,1.63
10.241,1.67
10.246,1.68
10.251,1.66
10.256,1.67
10.261,1.56
10.266,1.66
10.271,1.68
10.276,1.68
10.281,1.68
10.286,1.68
10.291,1.67
10.296,1.67
10.301,1.67
10.306,1.68
10.311,1.69
10.316,1.67
10.321,1.68
10.326,1.66
10.331,1.28
10.336,1.66
10.341,1.66
10.346,1.69
10.351,1.68
10.356,1.69
10.361,1.68
10.366,1.68
10.371,1.66
10.376,1.63
10.381,1.66
10.386,1.68
10.391,1.69
10.396,1.69
10.401,1.69
10.406,1.67
10.411,1.69
10.416,1.67
10.421,1.66
10.426,1.69
10.431,1.67
10.436,1.66
10.441,1.69
10.446,1.28
10.451,1.28
10.456,1.28
10.461,1.28
10.466,1.28
10.471,1.28
10.476,1.69
10.481,1.28
10.486,1.28
10.491,1.28
10.496,1.28
10.501,1.28
10.506,1.28
10.511,1.7
10.516,1.28
10.521,1.28
10.526,1.28
10.531,1.28
10.536,1.28
10.541,1.28
10.546,1.7
10.551,1.66
10.556,1.68
10.561,1.29
10.566,1.28
10.571,1.29
10.576,1.28
10.581,1.29
10.586,1.3
10.591,1.71
10.596,1.7
10.601,1.68
10.606,1.7
10.611,1.7
10.616,1.71
10.621,1.67
10.626,1.7
10.631,1.7
10.636,1.67
10.641,1.7
10.646,1.7
10.651,1.68
10.656,1.67
10.661,1.71
10.666,1.67
10.671,1.29
10.676,1.29
10.681,1.29
10.686,1.29
10.691,1.3
10.696,1.67
10.701,1.66
10.706,1.67
10.711,1.67
10.716,1.67
10.721,1.69
10.726,1.68
10.731,1.67
10.736,1.67
10.741,1.67
10.746,1.66
10.751,1.65
10.756,1.66
10.761,1.67
10.766,1.67
10.771,1.66
10.776,1.65
10.781,1.67
10.786,1.67
10.791,1.28
10.796,1.66
10.801,1.63
10.806,1.61
10.811,1.61
10.816,1.61
10.821,1.61
10.826,1.61
10.831,1.62
10.836,1.62
10.841,1.61
10.846,1.63
10.851,1.63
10.856,1.64
10.861,1.65
10.866,1.63
10.871,1.66
10.876,1.66
10.881,1.66
10.886,1.64
10.891,1.63
10.896,1.66
10.901,1.64
10.906,1.28
10.911,1.3
10.916,1.28
10.921,1.29
10.926,1.28
10.931,1.28
10.936,1.63
10.941,1.29
10.946,1.29
10.952,1.28
10.956,1.28
10.961,1.28
10.966,1.53
10.971,1.28
10.976,1.28
10.981,1.28
10.986,1.28
10.991,1.28
10.996,1.28
11.001,1.28
11.006,1.63
11.011,1.64
11.016,1.64
11.021,1.64
11.026,1.29
11.031,1.29
11.036,1.29
11.041,1.29
11.046,1.29
11.051,1.63
11.056,1.65
11.061,1.64
11.066,1.64
11.071,1.61
11.076,1.65
11.081,1.61
11.086,1.64
11.091,1.63
11.096,1.65
11.101,1.66
11.106,1.67
11.111,1.67
11.116,1.67
11.121,1.67
11.126,1.68
11.131,1.69
11.136,1.28
11.141,1.28
11.146,1.28
11.151,1.28
11.156,1.28
11.161,1.51
11.166,1.3
11.171,1.67
11.176,1.68
11.181,1.69
11.186,1.68
11.191,1.67
11.196,1.66
11.201,1.69
11.206,1.68
11.211,1.65
11.216,1.68
11.221,1.68
11.226,1.68
11.231,1.69
11.236,1.67
11.241,1.69
11.246,1.68
11.251,1.45
11.256,1.69
11.261,1.61
11.266,1.7
11.271,1.69
11.276,1.71
11.281,1.69
11.286,1.68
11.291,1.67
11.296,1.68
11.301,1.66
11.306,1.67
11.311,1.69
11.316,1.69
11.321,1.7
11.326,1.69
11.331,1.69
11.336,1.68
11.341,1.67
11.346,1.7
11.351,1.69
11.356,1.67
11.361,1.29
11.366,1.69
11.371,1.68
11.376,1.69
11.381,1.7
11.386,1.66
11.391,1.66
11.396,1.69
11.401,1.68
11.406,1.64
11.411,1.67
11.416,1.67
11.421,1.65
11.426,1.68
11.431,1.67
11.436,1.67
11.441,1.65
11.446,1.67
11.451,1.68
11.456,1.65
11.461,1.67
11.466,1.64
11.471,1.67
11.476,1.68
11.481,1.34
11.486,1.29
11.491,1.29
11.496,1.29
11.501,1.29
11.506,1.29
11.511,1.68
11.516,1.29
11.521,1.29
11.526,1.29
11.531,1.29
11.536,1.29
11.541,1.29
11.546,1.68
11.551,1.29
11.556,1.29
11.561,1.29
11.566,1.28
11.571,1.29
11.576,1.28
11.581,1.29
11.586,1.68
11.591,1.68
11.596,1.28
11.601,1.28
11.606,1.29
11.611,1.29
11.616,1.28
11.621,1.28
11.626,1.65
11.631,1.28
11.636,1.28
11.641,1.28
11.646,1.28
11.651,1.68
11.656,1.68
11.661,1.64
11.666,1.7
11.671,1.61
11.676,1.67
11.681,1.63
11.686,1.64
11.691,1.67
11.696,1.65
11.701,1.66
11.706,1.69
11.711,1.67
11.716,1.68
11.721,1.66
11.726,1.61
11.731,1.63
11.736,1.63
11.741,1.63
11.746,1.69
11.751,1.69
11.756,1.68
11.761,1.69
11.766,1.69
11.771,1.65
11.776,1.65
11.781,1.71
11.786,1.69
11.791,1.7
11.796,1.68
11.801,1.68
11.806,1.68
11.811,1.68
11.816,1.68
11.821,1.7
11.826,1.67
11.831,1.63
11.836,1.66
11.841,1.66
11.846,1.71
11.851,1.69
11.857,1.66
11.861,1.66
11.866,1.68
11.871,1.67
11.876,1.66
11.881,1.62
11.886,1.65
11.891,1.66
11.896,1.67
11.901,1.64
11.906,1.66
11.911,1.68
11.916,1.67
11.921,1.64
11.926,1.65
11.931,1.68
11.936,1.67
11.941,1.67
11.946,1.68
11.951,1.28
11.956,1.27
11.961,1.28
11.966,1.27
11.971,1.28
11.976,1.27
11.981,1.28
11.986,1.28
11.991,1.28
11.996,1.28
12.001,1.28
12.006,1.29
12.011,1.68
12.016,1.69
12.021,1.67
12.026,1.66
12.031,1.62
12.036,1.68
12.041,1.64
12.046,1.69
12.051,1.62
12.056,1.28
12.061,1.28
12.066,1.28
12.071,1.28
12.076,1.28
12.081,1.28
12.086,1.28
12.091,1.29
12.096,1.29
12.101,1.28
12.106,1.29
12.111,1.29
12.116,1.28
12.121,1.28
12.126,1.3
12.131,1.28
12.136,1.28
12.141,1.28
12.147,1.37
12.151,1.28
12.156,1.57
12.161,1.63
12.166,1.68
12.171,1.66
12.176,1.58
12.182,1.66
12.186,1.68
12.191,1.68
12.196,1.67
12.202,1.64
12.207,1.68
12.211,1.65
12.217,1.57
12.222,1.65
12.227,1.66
12.232,1.66
12.236,1.66
12.241,1.67
12.247,1.67
12.252,1.68
12.257,1.67
12.262,1.63
12.267,1.64
12.272,1.64
12.277,1.64
12.282,1.65
12.287,1.67
12.292,1.67
12.297,1.66
12.302,1.65
12.307,1.66
12.312,1.65
12.317,1.67
12.322,1.67
12.327,1.67
12.332,1.66
12.337,1.64
12.342,1.61
12.347,1.64
12.352,1.54
12.357,1.64
12.362,1.64
12.367,1.67
12.372,1.65
12.377,1.64
12.382,1.64
12.387,1.63
12.392,1.63
12.397,1.66
12.402,1.64
12.407,1.28
12.412,1.28
12.417,1.27
12.422,1.26
12.427,1.27
12.432,1.26
12.437,1.62
12.442,1.27
12.447,1.27
12.452,1.27
12.457,1.26
12.462,1.27
12.467,1.26
12.472,1.65
12.477,1.26
12.482,1.26
12.487,1.27
12.492,1.27
12.497,1.27
12.502,1.47
12.507,1.27
12.512,1.64
12.517,1.28
12.522,1.27
12.527,1.26
12.532,1.27
12.537,1.27
12.542,1.27
12.547,1.26
12.552,1.33
12.557,1.26
12.562,1.65
12.567,1.65
12.572,1.66
12.577,1.66
12.582,1.65
12.587,1.65
12.592,1.64
12.597,1.65
12.602,1.64
12.607,1.66
12.612,1.65
12.617,1.66
12.622,1.65
12.627,1.65
12.632,1.66
12.637,1.27
12.642,1.27
12.647,1.27
12.652,1.52
12.657,1.65
12.662,1.64
12.667,1.64
12.672,1.65
12.677,1.64
12.682,1.65
12.687,1.67
12.692,1.67
12.697,1.63
12.702,1.6
12.707,1.64
12.712,1.64
12.717,1.67
12.722,1.67
12.727,1.67
12.732,1.66
12.737,1.66
12.742,1.65
12.747,1.27
12.752,1.67
12.757,1.67
12.762,1.64
12.767,1.67
12.772,1.66
12.777,1.65
12.782,1.63
12.787,1.67
12.792,1.67
12.797,1.66
12.802,1.67
12.807,1.68
12.812,1.65
12.817,1.64
12.822,1.63
12.827,1.65
12.832,1.65
12.837,1.64
12.842,1.66
12.847,1.63
12.852,1.66
12.857,1.65
12.862,1.62
12.867,1.38
12.872,1.62
12.877,1.27
12.882,1.29
12.887,1.27
12.892,1.65
12.897,1.59
12.902,1.27
12.907,1.27
12.912,1.51
12.917,1.27
12.922,1.45
12.927,1.27
12.932,1.65
12.937,1.27
12.942,1.27
12.947,1.27
12.952,1.27
12.957,1.65
12.962,1.27
12.967,1.27
12.972,1.65
12.977,1.63
12.982,1.27
12.987,1.27
12.992,1.27
12.997,1.65
13.002,1.27
13.007,1.28
13.012,1.65
13.017,1.27
13.022,1.27
13.027,1.27
13.032,1.27
13.037,1.27
13.042,1.38
13.047,1.66
13.052,1.64
13.057,1.66
13.062,1.63
13.067,1.63
13.072,1.61
13.077,1.66
13.082,1.63
13.087,1.66
13.092,1.64
13.097,1.65
13.102,1.64
13.107,1.64
13.112,1.64
13.117,1.65
13.122,1.67
13.127,1.67
13.132,1.63
13.137,1.66
13.142,1.64
13.147,1.66
13.152,1.67
13.157,1.66
13.162,1.66
13.167,1.67
13.172,1.67
13.177,1.66
13.182,1.64
13.187,1.58
13.192,1.66
13.197,1.65
13.202,1.61
13.207,1.67
13.212,1.28
13.217,1.27
13.222,1.27
13.227,1.65
13.232,1.64
13.237,1.65
13.242,1.66
13.247,1.64
13.252,1.65
13.257,1.65
13.262,1.63
13.267,1.66
13.272,1.65
13.277,1.67
13.282,1.66
13.287,1.67
13.292,1.65
13.297,1.64
13.302,1.65
13.307,1.67
13.312,1.64
13.317,1.66
13.322,1.68
13.327,1.67
13.332,1.64
13.337,1.66
13.342,1.64
13.347,1.65
13.352,1.66
13.357,1.67
13.362,1.66
13.367,1.67
13.372,1.66
13.377,1.66
13.382,1.64
13.387,1.66
13.392,1.66
13.397,1.65
13.402,1.67
13.407,1.67
13.412,1.64
13.417,1.64
13.422,1.62
13.427,1.66
13.432,1.66
13.437,1.64
13.442,1.27
13.447,1.27
13.452,1.27
13.457,1.26
13.462,1.27
13.467,1.27
13.472,1.65
13.477,1.27
13.482,1.27
13.487,1.27
13.492,1.27
13.497,1.26
13.502,1.27
13.507,1.57
13.512,1.29
13.517,1.27
13.522,1.27
13.527,1.26
13.532,1.26
13.537,1.27
13.542,1.27
13.547,1.66
13.552,1.65
13.557,1.27
13.562,1.26
13.567,1.26
13.572,1.27
13.577,1.27
13.582,1.27
13.587,1.65
13.592,1.65
13.597,1.65
13.602,1.66
13.607,1.64
13.612,1.67
13.617,1.63
13.622,1.64
13.627,1.66
13.632,1.65
13.637,1.66
13.642,1.66
13.647,1.67
13.652,1.67
13.657,1.66
13.662,1.64
13.667,1.64
13.672,1.26
13.677,1.27
13.682,1.27
13.687,1.27
13.692,1.68
13.697,1.64
13.702,1.64
13.707,1.66
13.712,1.66
13.717,1.63
13.722,1.64
13.727,1.65
13.732,1.64
13.737,1.65
13.742,1.63
13.747,1.64
13.752,1.66
13.757,1.63
13.762,1.65
13.767,1.64
13.772,1.66
13.777,1.65
13.782,1.64
13.787,1.64
13.792,1.66
13.797,1.63
13.802,1.66
13.807,1.67
13.812,1.66
13.817,1.64
13.822,1.63
13.827,1.65
13.832,1.64
13.837,1.63
13.842,1.65
13.847,1.64
13.852,1.66
13.857,1.62
13.862,1.6
13.867,1.63
13.872,1.65
13.877,1.64
13.882,1.65
13.887,1.65
13.892,1.65
13.897,1.63
13.902,1.26
13.907,1.27
13.912,1.27
13.917,1.26
13.922,1.26
13.927,1.26
13.932,1.63
13.937,1.27
13.942,1.27
13.947,1.26
13.952,1.26
13.957,1.59
13.962,1.26
13.967,1.27
13.972,1.64
13.977,1.26
13.982,1.26
13.987,1.26
13.992,1.26
13.997,1.26
14.002,1.26
14.007,1.62
14.012,1.65
14.017,1.61
14.022,1.62
14.027,1.27
14.032,1.28
14.037,1.28
14.042,1.27
14.047,1.28
14.052,1.67
14.057,1.64
14.062,1.63
14.067,1.65
14.072,1.67
14.077,1.65
14.082,1.66
14.087,1.61
14.092,1.64
14.097,1.62
14.102,1.6
14.107,1.65
14.112,1.67
14.117,1.63
14.122,1.66
14.127,1.65
14.132,1.28
14.137,1.28
14.142,1.28
14.147,1.28
14.152,1.28
14.157,1.27
14.162,1.57
14.167,1.64
14.172,1.62
14.177,1.61
14.182,1.59
14.187,1.62
14.192,1.62
14.197,1.64
14.202,1.63
14.207,1.65
14.212,1.66
14.217,1.62
14.222,1.65
14.227,1.66
14.232,1.65
14.237,1.65
14.242,1.68
14.247,1.66
14.252,1.66
14.257,1.63
14.262,1.63
14.267,1.63
14.272,1.67
14.277,1.65
14.282,1.62
14.287,1.64
14.292,1.68
14.297,1.64
14.302,1.64
14.307,1.68
14.312,1.68
14.317,1.65
14.322,1.68
14.327,1.65
14.332,1.64
14.337,1.62
14.342,1.62
14.347,1.63
14.352,1.65
14.357,1.62
14.362,1.28
14.367,1.28
14.372,1.28
14.377,1.28
14.382,1.61
14.387,1.28
14.392,1.59
14.397,1.64
14.402,1.64
14.407,1.64
14.412,1.65
14.417,1.62
14.422,1.61
14.427,1.65
14.432,1.66
14.437,1.63
14.442,1.64
14.447,1.65
14.452,1.65
14.457,1.63
14.462,1.61
14.467,1.63
14.472,1.64
14.477,1.63
14.482,1.65
14.487,1.28
14.492,1.28
14.497,1.28
14.502,1.28
14.507,1.29
14.512,1.65
14.517,1.28
14.522,1.28
14.527,1.28
14.532,1.27
14.537,1.28
14.542,1.28
14.547,1.63
14.552,1.28
14.557,1.28
14.562,1.28
14.567,1.28
14.572,1.28
14.577,1.28
14.582,1.61
14.587,1.63
14.592,1.27
14.597,1.27
14.602,1.27
14.607,1.28
14.612,1.6
14.617,1.61
14.622,1.62
14.627,1.64
14.632,1.65
14.637,1.61
14.642,1.62
14.647,1.62
14.652,1.62
14.657,1.61
14.662,1.6
14.667,1.59
14.672,1.63
14.677,1.62
14.682,1.62
14.687,1.63
14.692,1.64
14.697,1.62
14.702,1.6
14.707,1.64
14.712,1.28
14.717,1.27
14.722,1.27
14.727,1.6
14.732,1.62
14.737,1.6
14.742,1.62
14.747,1.63
14.752,1.63
14.757,1.62
14.762,1.62
14.767,1.62
14.772,1.64
14.777,1.61
14.782,1.61
14.787,1.62
14.792,1.63
14.797,1.62
14.802,1.62
14.807,1.62
14.812,1.63
14.817,1.62
14.822,1.48
14.827,1.63
14.832,1.63
14.837,1.62
14.842,1.63
14.847,1.64
14.852,1.63
14.857,1.62
14.862,1.61
14.867,1.63
14.872,1.64
14.877,1.62
14.882,1.63
14.887,1.63
14.892,1.64
14.897,1.63
14.902,1.62
14.907,1.65
14.912,1.65
14.917,1.63
14.922,1.62
14.927,1.63
14.932,1.64
14.937,1.61
14.942,1.62
14.947,1.63
14.952,1.27
14.957,1.27
14.962,1.27
14.967,1.26
14.972,1.64
14.977,1.27
14.982,1.27
14.987,1.27
14.992,1.27
14.997,1.27
15.002,1.27
15.007,1.45
15.012,1.28
15.017,1.27
15.022,1.27
15.027,1.27
15.032,1.27
15.037,1.26
15.042,1.27
15.047,1.63
15.052,1.63
15.057,1.26
15.062,1.26
15.067,1.26
15.072,1.26
15.077,1.26
15.082,1.26
15.087,1.53
15.092,1.27
15.097,1.26
15.102,1.27
15.107,1.65
15.112,1.69
15.117,1.65
15.122,1.63
15.127,1.64
15.132,1.64
15.137,1.62
15.142,1.63
15.147,1.64
15.152,1.65
15.157,1.65
15.162,1.63
15.167,1.65
15.172,1.28
15.177,1.28
15.182,1.27
15.187,1.27
15.192,1.69
15.197,1.66
15.202,1.63
15.207,1.62
15.212,1.64
15.217,1.65
15.222,1.64
15.227,1.64
15.232,1.67
15.237,1.67
15.242,1.64
15.247,1.64
15.252,1.63
15.257,1.64
15.262,1.64
15.267,1.63
15.272,1.68
15.277,1.66
15.282,1.28
15.287,1.65
15.292,1.66
15.297,1.63
15.302,1.63
15.307,1.65
15.312,1.68
15.317,1.67
15.322,1.64
15.327,1.65
15.332,1.66
15.337,1.63
15.342,1.64
15.347,1.66
15.352,1.71
15.357,1.67
15.362,1.65
15.367,1.64
15.372,1.66
15.377,1.63
15.382,1.64
15.387,1.65
15.392,1.71
15.397,1.66
15.402,1.64
15.407,1.28
15.412,1.28
15.417,1.28
15.422,1.28
15.427,1.28
15.432,1.68
15.437,1.66
15.442,1.64
15.447,1.66
15.452,1.66
15.457,1.63
15.462,1.63
15.467,1.66
15.472,1.69
15.477,1.67
15.482,1.64
15.487,1.65
15.492,1.65
15.497,1.64
15.502,1.65
15.507,1.64
15.512,1.7
15.517,1.29
15.522,1.29
15.527,1.29
15.532,1.29
15.537,1.3
15.542,1.3
15.547,1.64
15.552,1.68
15.557,1.64
15.562,1.63
15.567,1.64
15.572,1.64
15.577,1.63
15.582,1.62
15.587,1.64
15.592,1.7
15.597,1.62
15.602,1.6
15.607,1.64
15.612,1.66
15.617,1.64
15.622,1.64
15.627,1.65
15.632,1.46
15.637,1.31
15.642,1.31
15.647,1.31
15.652,1.31
15.657,1.31
15.662,1.62
15.667,1.31
15.672,1.31
15.677,1.32
15.682,1.31
15.687,1.32
15.692,1.31
15.697,1.58
15.702,1.32
15.707,1.33
15.712,1.33
15.717,1.31
15.722,1.32
15.727,1.32
15.732,1.32
15.737,1.62
15.742,1.62
15.747,1.32
15.752,1.31
15.757,1.58
15.762,1.66
15.767,1.63
15.772,1.64
15.777,1.65
15.782,1.64
15.787,1.66
15.792,1.66
15.797,1.64
15.802,1.64
15.807,1.66
15.812,1.68
15.817,1.63
15.822,1.61
15.827,1.64
15.832,1.69
15.837,1.62
15.842,1.61
15.847,1.61
15.852,1.64
15.857,1.63
15.862,1.61
15.867,1.32
15.872,1.32
15.877,1.32
15.882,1.33
15.887,1.32
15.892,1.33
15.897,1.32
15.902,1.32
15.907,1.33
15.912,1.44
15.917,1.33
15.922,1.32
15.927,1.33
15.932,1.37
15.937,1.33
15.942,1.59
15.947,1.33
15.952,1.33
15.957,1.32
15.962,1.32
15.967,1.63
15.972,1.63
15.977,1.33
15.982,1.33
15.987,1.33
15.992,1.33
15.997,1.5
16.002,1.34
16.007,1.35
16.012,1.36
16.017,1.33
16.022,1.33
16.027,1.34
16.032,1.33
16.037,1.33
16.042,1.33
16.047,1.62
16.052,1.63
16.057,1.6
16.062,1.62
16.067,1.62
16.072,1.66
16.077,1.64
16.082,1.62
16.087,1.62
16.092,1.34
16.097,1.61
16.102,1.6
16.107,1.61
16.112,1.7
16.117,1.64
16.122,1.61
16.127,1.62
16.132,1.64
16.137,1.58
16.142,1.58
16.147,1.59
16.152,1.68
16.157,1.64
16.162,1.63
16.167,1.63
16.172,1.63
16.177,1.61
16.182,1.61
16.187,1.62
16.192,1.66
16.197,1.59
16.202,1.58
16.207,1.33
16.212,1.33
16.217,1.32
16.222,1.32
16.227,1.63
16.232,1.67
16.237,1.63
16.242,1.62
16.247,1.63
16.252,1.64
16.257,1.61
16.262,1.61
16.267,1.59
16.272,1.62
16.277,1.59
16.282,1.58
16.287,1.62
16.292,1.64
16.297,1.61
16.302,1.61
16.307,1.61
16.312,1.66
16.317,1.63
16.322,1.61
16.327,1.33
16.332,1.63
16.337,1.61
16.342,1.6
16.347,1.62
16.352,1.66
16.357,1.63
16.362,1.63
16.367,1.64
16.372,1.65
16.377,1.61
16.382,1.6
16.387,1.63
16.392,1.64
16.397,1.62
16.402,1.64
16.407,1.61
16.412,1.65
16.417,1.61
16.422,1.59
16.427,1.61
16.432,1.65
16.437,1.34
16.442,1.32
16.447,1.32
16.452,1.32
16.457,1.32
16.462,1.32
16.467,1.32
16.472,1.66
16.477,1.63
16.482,1.65
16.487,1.64
16.492,1.63
16.497,1.61
16.502,1.63
16.507,1.63
16.512,1.67
16.517,1.64
16.522,1.62
16.527,1.64
16.532,1.65
16.537,1.62
16.542,1.61
16.547,1.64
16.552,1.65
16.557,1.3
16.562,1.3
16.567,1.3
16.572,1.31
16.577,1.3
16.582,1.3
16.587,1.58
16.592,1.3
16.597,1.3
16.602,1.3
16.607,1.31
16.612,1.31
16.617,1.3
16.622,1.61
16.627,1.3
16.632,1.3
16.637,1.3
16.642,1.3
16.647,1.3
16.652,1.3
16.657,1.55
16.662,1.55
16.667,1.3
16.672,1.3
16.677,1.3
16.682,1.3
16.687,1.38
16.692,1.3
16.697,1.61
16.702,1.63
16.707,1.65
16.712,1.63
16.717,1.61
16.722,1.63
16.727,1.64
16.732,1.6
16.737,1.56
16.742,1.56
16.747,1.6
16.752,1.66
16.757,1.63
16.762,1.63
16.767,1.65
16.772,1.68
16.777,1.62
16.782,1.58
16.787,1.3
16.792,1.59
16.797,1.64
16.802,1.65
16.807,1.65
16.812,1.67
16.817,1.63
16.822,1.62
16.827,1.63
16.832,1.69
16.837,1.65
16.842,1.62
16.847,1.63
16.852,1.66
16.857,1.61
16.862,1.6
16.867,1.63
16.872,1.65
16.877,1.62
16.882,1.66
16.888,1.64
16.892,1.66
16.897,1.64
16.902,1.29
16.907,1.3
16.912,1.3
16.917,1.3
16.922,1.29
16.927,1.29
16.932,1.29
16.937,1.29
16.942,1.29
16.948,1.29
16.952,1.29
16.958,1.63
16.963,1.28
16.968,1.55
16.973,1.29
16.978,1.29
16.983,1.29
16.988,1.28
16.993,1.29
16.998,1.29
17.003,1.29
17.008,1.62
17.013,1.69
17.018,1.57
17.023,1.28
17.028,1.28
17.033,1.29
17.038,1.28
17.043,1.29
17.048,1.65
17.053,1.59
17.058,1.63
17.063,1.61
17.068,1.66
17.073,1.68
17.078,1.64
17.083,1.65
17.088,1.66
17.093,1.66
17.098,1.62
17.103,1.63
17.108,1.56
17.113,1.58
17.118,1.6
17.123,1.65
17.128,1.64
17.133,1.28
17.138,1.29
17.143,1.29
17.148,1.28
17.153,1.29
17.158,1.37
17.163,1.49
17.168,1.56
17.173,1.62
17.178,1.56
17.183,1.61
17.188,1.65
17.193,1.68
17.198,1.65
17.203,1.65
17.208,1.65
17.213,1.66
17.218,1.63
17.223,1.62
17.228,1.66
17.233,1.67
17.238,1.66
17.243,1.67
17.248,1.6
17.253,1.66
17.258,1.61
17.263,1.55
17.268,1.56
17.273,1.57
17.278,1.64
17.283,1.65
17.288,1.63
17.293,1.67
17.298,1.61
17.303,1.62
17.308,1.65
17.313,1.65
17.318,1.63
17.323,1.64
17.328,1.61
17.333,1.61
17.338,1.53
17.343,1.54
17.348,1.63
17.353,1.68
17.358,1.38
17.363,1.62
17.368,1.63
17.373,1.64
17.378,1.59
17.383,1.61
17.388,1.64
17.393,1.63
17.398,1.61
17.403,1.63
17.408,1.61
17.413,1.61
17.418,1.61
17.423,1.64
17.428,1.61
17.433,1.65
17.438,1.62
17.443,1.62
17.448,1.61
17.453,1.67
17.458,1.58
17.463,1.58
17.468,1.63
17.473,1.56
17.478,1.59
17.483,1.27
17.488,1.28
17.493,1.28
17.498,1.28
17.503,1.28
17.508,1.63
17.513,1.66
17.518,1.61
17.523,1.63
17.528,1.6
17.533,1.66
17.538,1.58
17.543,1.59
17.548,1.62
17.553,1.62
17.558,1.6
17.563,1.6
17.568,1.61
17.573,1.64
17.578,1.59
17.583,1.61
17.588,1.61
17.593,1.27
17.598,1.28
17.603,1.28
17.608,1.29
17.613,1.29
17.618,1.32
17.623,1.28
17.628,1.63
17.633,1.62
17.638,1.59
17.643,1.61
17.648,1.61
17.653,1.64
17.658,1.58
17.663,1.58
17.668,1.6
17.673,1.64
17.678,1.59
17.683,1.64
17.688,1.62
17.693,1.64
17.698,1.57
17.703,1.61
17.708,1.64
17.713,1.27
17.718,1.26
17.723,1.27
17.728,1.26
17.733,1.27
17.738,1.57
17.743,1.26
17.748,1.27
17.753,1.26
17.758,1.26
17.763,1.26
17.768,1.26
17.773,1.26
17.778,1.28
17.783,1.26
17.788,1.26
17.793,1.26
17.798,1.26
17.803,1.26
17.808,1.27
17.813,1.61
17.818,1.54
17.823,1.6
17.828,1.64
17.833,1.62
17.838,1.57
17.843,1.61
17.848,1.58
17.853,1.62
17.858,1.54
17.863,1.59
17.868,1.64
17.873,1.62
17.878,1.53
17.883,1.61
17.888,1.59
17.893,1.57
17.898,1.54
17.903,1.57
17.908,1.62
17.913,1.61
17.918,1.57
17.923,1.59
17.928,1.6
17.933,1.61
17.938,1.54
17.943,1.59
17.948,1.51
17.953,1.27
17.958,1.26
17.963,1.27
17.968,1.54
17.973,1.49
17.978,1.27
17.983,1.27
17.988,1.27
17.993,1.26
17.998,1.26
18.003,1.26
18.008,1.6
18.013,1.27
18.018,1.26
18.023,1.26
18.028,1.26
18.033,1.26
18.038,1.26
18.043,1.61
18.048,1.59
18.053,1.26
18.058,1.26
18.063,1.26
18.068,1.26
18.073,1.26
18.078,1.25
18.083,1.25
18.088,1.26
18.093,1.26
18.098,1.26
18.103,1.56
18.108,1.61
18.113,1.61
18.118,1.57
18.123,1.6
18.128,1.57
18.133,1.63
18.138,1.57
18.143,1.6
18.148,1.63
18.153,1.64
18.158,1.6
18.163,1.6
18.168,1.64
18.173,1.26
18.178,1.25
18.183,1.25
18.188,1.61
18.193,1.63
18.198,1.6
18.203,1.62
18.208,1.64
18.213,1.63
18.218,1.59
18.223,1.66
18.228,1.65
18.233,1.61
18.238,1.58
18.243,1.67
18.248,1.58
18.253,1.64
18.258,1.58
18.263,1.65
18.268,1.63
18.273,1.66
18.278,1.58
18.283,1.26
18.288,1.66
18.293,1.66
18.298,1.57
18.303,1.66
18.308,1.67
18.313,1.64
18.318,1.57
18.323,1.68
18.328,1.69
18.333,1.59
18.338,1.58
18.343,1.65
18.348,1.64
18.353,1.64
18.358,1.57
18.363,1.65
18.368,1.64
18.373,1.63
18.378,1.56
18.383,1.6
18.388,1.61
18.393,1.61
18.398,1.55
18.403,1.62
18.408,1.27
18.413,1.26
18.418,1.26
18.423,1.26
18.428,1.3
18.433,1.64
18.438,1.6
18.443,1.64
18.448,1.65
18.453,1.65
18.458,1.6
18.463,1.61
18.468,1.67
18.473,1.61
18.478,1.59
18.483,1.65
18.488,1.68
18.493,1.63
18.498,1.59
18.503,1.57
18.508,1.57
18.513,1.58
18.518,1.25
18.523,1.25
18.528,1.25
18.533,1.25
18.538,1.25
18.543,1.54
18.548,1.69
18.553,1.63
18.558,1.61
18.563,1.57
18.568,1.62
18.573,1.64
18.578,1.58
18.583,1.61
18.588,1.69
18.593,1.62
18.598,1.59
18.603,1.66
18.608,1.69
18.613,1.64
18.618,1.58
18.623,1.61
18.628,1.65
18.633,1.26
18.638,1.26
18.643,1.26
18.648,1.26
18.653,1.26
18.658,1.26
18.663,1.65
18.668,1.26
18.673,1.26
18.678,1.26
18.683,1.26
18.688,1.26
18.693,1.26
18.698,1.58
18.703,1.26
18.708,1.27
18.713,1.26
18.718,1.26
18.723,1.26
18.728,1.26
18.733,1.6
18.738,1.59
18.743,1.26
18.748,1.64
18.753,1.58
18.758,1.56
18.763,1.57
18.768,1.65
18.773,1.59
18.778,1.58
18.783,1.6
18.788,1.64
18.793,1.62
18.798,1.59
18.803,1.68
18.808,1.65
18.813,1.59
18.818,1.56
18.823,1.62
18.828,1.68
18.833,1.6
18.838,1.61
18.843,1.62
18.848,1.6
18.853,1.63
18.858,1.6
18.863,1.64
18.868,1.25
18.873,1.25
18.878,1.38
18.883,1.25
18.888,1.25
18.893,1.26
18.898,1.25
18.903,1.31
18.908,1.26
18.913,1.28
18.918,1.25
18.923,1.27
18.928,1.25
18.933,1.25
18.938,1.25
18.943,1.26
18.948,1.25
18.953,1.25
18.958,1.25
18.963,1.25
18.968,1.67
18.973,1.6
18.978,1.26
18.983,1.26
18.988,1.26
18.993,1.26
18.998,1.26
19.003,1.26
19.008,1.27
19.013,1.27
19.018,1.26
19.023,1.26
19.028,1.62
19.033,1.26
19.038,1.26
19.043,1.66
19.048,1.68
19.053,1.58
19.058,1.58
19.063,1.65
19.068,1.66
19.073,1.6
19.078,1.6
19.083,1.63
19.088,1.69
19.093,1.59
19.098,1.6
19.103,1.63
19.108,1.67
19.113,1.62
19.118,1.59
19.123,1.66
19.128,1.67
19.133,1.6
19.138,1.56
19.143,1.63
19.148,1.67
19.153,1.58
19.158,1.59
19.163,1.65
19.168,1.63
19.173,1.6
19.178,1.58
19.183,1.66
19.188,1.67
19.193,1.59
19.198,1.59
19.203,1.63
19.208,1.27
19.213,1.26
19.218,1.26
19.223,1.59
19.228,1.66
19.233,1.59
19.238,1.59
19.243,1.67
19.248,1.67
19.253,1.58
19.258,1.58
19.263,1.65
19.268,1.62
19.273,1.6
19.278,1.59
19.283,1.62
19.288,1.64
19.293,1.6
19.298,1.58
19.303,1.62
19.308,1.68
19.313,1.61
19.318,1.58
19.323,1.65
19.328,1.59
19.333,1.59
19.338,1.59
19.343,1.66
19.348,1.64
19.353,1.61
19.358,1.61
19.363,1.66
19.368,1.62
19.373,1.6
19.378,1.58
19.383,1.63
19.388,1.64
19.393,1.62
19.398,1.6
19.403,1.66
19.408,1.65
19.413,1.61
19.418,1.58
19.423,1.65
19.428,1.65
19.433,1.59
19.438,1.26
19.443,1.26
19.448,1.26
19.453,1.26
19.458,1.27
19.463,1.27
19.468,1.66
19.473,1.58
19.478,1.57
19.483,1.65
19.488,1.63
19.493,1.59
19.498,1.58
19.503,1.65
19.508,1.65
19.513,1.6
19.518,1.58
19.523,1.65
19.528,1.64
19.533,1.59
19.538,1.56
19.543,1.66
19.548,1.64
19.553,1.58
19.558,1.26
19.563,1.26
19.568,1.26
19.573,1.26
19.578,1.26
19.583,1.64
19.588,1.26
19.593,1.26
19.598,1.26
19.603,1.26
19.608,1.27
19.613,1.27
19.618,1.5
19.623,1.62
19.628,1.26
19.633,1.26
19.638,1.26
19.643,1.26
19.648,1.26
19.653,1.26
19.658,1.57
19.663,1.63
19.668,1.26
19.673,1.26
19.678,1.25
19.683,1.25
19.688,1.25
19.693,1.6
19.698,1.58
19.703,1.61
19.708,1.65
19.713,1.59
19.718,1.58
19.723,1.63
19.728,1.62
19.733,1.58
19.738,1.56
19.743,1.62
19.748,1.63
19.753,1.57
19.758,1.59
19.763,1.63
19.768,1.61
19.773,1.58
19.778,1.57
19.783,1.27
19.788,1.61
19.793,1.57
19.798,1.58
19.803,1.61
19.808,1.62
19.813,1.58
19.818,1.56
19.823,1.64
19.828,1.62
19.833,1.57
19.838,1.58
19.843,1.65
19.848,1.61
19.853,1.57
19.858,1.57
19.863,1.63
19.868,1.6
19.873,1.58
19.878,1.59
19.883,1.63
19.888,1.62
19.893,1.58
19.898,1.27
19.903,1.26
19.908,1.27
19.913,1.27
19.918,1.26
19.923,1.27
19.928,1.26
19.933,1.57
19.938,1.26
19.943,1.26
19.948,1.26
19.953,1.26
19.958,1.27
19.963,1.26
19.968,1.59
19.973,1.26
19.978,1.26
19.983,1.26
19.988,1.26
19.993,1.26
19.998,1.26
20.003,1.59
20.008,1.61
20.013,1.56
20.018,1.57
20.023,1.6
20.028,1.25
20.033,1.25
20.038,1.25
20.043,1.25
20.048,1.26
20.053,1.25
20.058,1.25
20.063,1.4
20.068,1.62
20.073,1.56
20.078,1.52
20.083,1.64
20.088,1.59
20.093,1.56
20.098,1.56
20.103,1.59
20.108,1.61
20.113,1.57
20.118,1.58
20.123,1.62
20.128,1.25
20.133,1.26
20.138,1.55
20.143,1.25
20.148,1.6
20.153,1.54
20.158,1.58
20.163,1.64
20.168,1.63
20.173,1.56
20.178,1.57
20.183,1.63
20.188,1.59
20.193,1.57
20.198,1.58
20.203,1.62
20.208,1.62
20.213,1.57
20.218,1.57
20.223,1.62
20.228,1.61
20.233,1.57
20.238,1.56
20.243,1.63
20.248,1.62
20.253,1.55
20.258,1.56
20.263,1.61
20.268,1.58
20.273,1.53
20.278,1.56
20.283,1.6
20.288,1.62
20.293,1.57
20.298,1.56
20.303,1.62
20.308,1.63
20.313,1.57
20.318,1.58
20.323,1.64
20.328,1.62
20.333,1.53
20.338,1.55
20.343,1.62
20.348,1.6
20.353,1.56
20.358,1.25
20.363,1.62
20.368,1.61
20.373,1.56
20.378,1.56
20.383,1.61
20.388,1.6
20.393,1.55
20.398,1.57
20.403,1.61
20.408,1.6
20.413,1.56
20.418,1.56
20.423,1.61
20.428,1.62
20.433,1.54
20.438,1.55
20.443,1.61
20.448,1.61
20.453,1.54
20.458,1.54
20.463,1.61
20.468,1.61
20.473,1.54
20.478,1.58
20.483,1.25
20.488,1.25
20.493,1.25
20.498,1.25
20.503,1.56
20.508,1.59
20.513,1.56
20.518,1.57
20.523,1.58
20.528,1.59
20.533,1.56
20.538,1.55
20.543,1.61
20.548,1.61
20.553,1.56
20.558,1.56
20.563,1.63
20.568,1.61
20.573,1.53
20.578,1.55
20.583,1.61
20.588,1.61
20.593,1.26
20.598,1.26
20.603,1.26
20.608,1.26
20.613,1.26
20.618,1.26
20.623,1.59
20.628,1.59
20.633,1.54
20.638,1.56
20.643,1.61
20.648,1.63
20.653,1.56
20.658,1.56
20.663,1.61
20.668,1.62
20.673,1.54
20.678,1.57
20.683,1.61
20.688,1.62
20.693,1.54
20.698,1.56
20.703,1.61
20.708,1.27
20.713,1.26
20.718,1.26
20.723,1.26
20.728,1.26
20.733,1.26
20.738,1.54
20.743,1.26
20.748,1.26
20.753,1.26
20.758,1.26
20.763,1.26
20.768,1.26
20.773,1.56
20.778,1.26
20.783,1.26
20.788,1.26
20.793,1.26
20.798,1.26
20.803,1.26
20.808,1.6
20.813,1.54
20.818,1.26
20.823,1.56
20.828,1.61
20.833,1.55
20.838,1.57
20.843,1.6
20.848,1.63
20.853,1.56
20.858,1.57
20.863,1.61
20.868,1.63
20.873,1.56
20.878,1.57
20.883,1.62
20.888,1.63
20.893,1.54
20.898,1.55
20.903,1.61
20.908,1.62
20.913,1.56
20.918,1.57
20.923,1.62
20.928,1.63
20.933,1.55
20.938,1.56
20.943,1.6
20.948,1.26
20.953,1.26
20.958,1.26
20.963,1.26
20.968,1.61
20.973,1.26
20.978,1.26
20.983,1.26
20.988,1.26
20.993,1.26
20.998,1.26
21.003,1.26
21.008,1.31
21.013,1.26
21.018,1.26
21.023,1.26
21.028,1.26
21.033,1.26
21.038,1.26
21.044,1.61
21.048,1.59
21.053,1.26
21.058,1.26
21.063,1.26
21.068,1.26
21.073,1.26
21.078,1.26
21.083,1.6
21.088,1.26
21.093,1.26
21.098,1.49
21.103,1.61
21.108,1.61
21.113,1.56
21.118,1.53
21.123,1.6
21.128,1.64
21.133,1.55
21.138,1.56
21.143,1.63
21.148,1.62
21.153,1.56
21.158,1.56
21.163,1.62
21.168,1.25
21.173,1.25
21.178,1.25
21.183,1.57
21.188,1.62
21.193,1.57
21.198,1.57
21.203,1.61
21.208,1.62
21.213,1.54
21.218,1.56
21.223,1.6
21.228,1.65
21.233,1.55
21.238,1.58
21.243,1.61
21.248,1.62
21.253,1.59
21.258,1.56
21.263,1.6
21.268,1.64
21.273,1.58
21.278,1.58
21.283,1.26
21.288,1.62
21.293,1.55
21.298,1.58
21.303,1.57
21.308,1.59
21.313,1.59
21.318,1.59
21.323,1.63
21.328,1.61
21.333,1.59
21.338,1.57
21.343,1.63
21.348,1.61
21.353,1.58
21.358,1.59
21.363,1.62
21.368,1.56
21.373,1.56
21.378,1.54
21.383,1.64
21.388,1.64
21.393,1.57
21.398,1.58
21.403,1.26
21.408,1.27
21.413,1.27
21.418,1.26
21.423,1.27
21.428,1.33
21.433,1.56
21.438,1.58
21.443,1.61
21.448,1.62
21.453,1.56
21.458,1.56
21.463,1.63
21.468,1.63
21.473,1.58
21.478,1.57
21.483,1.64
21.488,1.61
21.493,1.56
21.498,1.54
21.503,1.63
21.508,1.61
21.513,1.26
21.518,1.25
21.523,1.26
21.528,1.26
21.533,1.26
21.538,1.26
21.543,1.6
21.548,1.61
21.553,1.57
21.558,1.56
21.563,1.62
21.568,1.62
21.573,1.57
21.578,1.57
21.583,1.63
21.588,1.63
21.593,1.56
21.598,1.58
21.603,1.63
21.608,1.6
21.613,1.56
21.618,1.56
21.623,1.65
21.628,1.6
21.633,1.25
21.638,1.25
21.643,1.25
21.648,1.26
21.653,1.25
21.658,1.5
21.663,1.27
21.668,1.25
21.673,1.25
21.678,1.25
21.683,1.25
21.688,1.25
21.693,1.25
21.698,1.55
21.703,1.25
21.708,1.26
21.713,1.25
21.718,1.26
21.723,1.26
21.728,1.31
21.733,1.58
21.738,1.57
21.743,1.61
21.748,1.61
21.753,1.57
21.758,1.57
21.763,1.62
21.768,1.62
21.773,1.55
21.778,1.56
21.783,1.62
21.788,1.63
21.793,1.57
21.798,1.57
21.803,1.62
21.808,1.6
21.813,1.56
21.818,1.56
21.823,1.61
21.828,1.59
21.833,1.58
21.838,1.52
21.843,1.62
21.848,1.59
21.853,1.54
21.858,1.53
21.863,1.59
21.868,1.61
21.873,1.57
21.878,1.55
21.883,1.61
21.888,1.6
21.893,1.57
21.898,1.54
21.903,1.61
21.908,1.61
21.913,1.56
21.918,1.56
21.923,1.6
21.928,1.59
21.933,1.56
21.938,1.56
21.943,1.59
21.948,1.62
21.953,1.58
21.958,1.56
21.963,1.58
21.968,1.6
21.973,1.43
21.978,1.25
21.983,1.24
21.988,1.25
21.993,1.25
21.998,1.24
22.003,1.25
22.008,1.59
22.013,1.25
22.018,1.25
22.023,1.25
22.028,1.25
22.033,1.25
22.038,1.25
22.043,1.59
22.048,1.25
22.053,1.25
22.058,1.25
22.063,1.25
22.068,1.25
22.073,1.25
22.078,1.55
22.083,1.58
22.088,1.52
22.093,1.55
22.098,1.28
22.103,1.26
22.108,1.26
22.113,1.26
22.118,1.25
22.123,1.61
22.128,1.61
22.133,1.57
22.138,1.55
22.143,1.59
22.148,1.6
22.153,1.58
22.158,1.57
22.163,1.61
22.168,1.61
22.173,1.56
22.178,1.55
22.183,1.57
22.188,1.62
22.193,1.57
22.198,1.56
22.203,1.25
22.208,1.27
22.213,1.26
22.218,1.25
22.223,1.26
22.228,1.25
22.233,1.25
22.238,1.5
22.243,1.61
22.248,1.6
22.253,1.57
22.258,1.55
22.263,1.61
22.268,1.62
22.273,1.59
22.278,1.58
22.283,1.6
22.288,1.61
22.293,1.58
22.298,1.55
22.303,1.61
22.308,1.62
22.313,1.57
22.318,1.34
22.323,1.61
22.328,1.62
22.333,1.56
22.338,1.52
22.343,1.6
22.348,1.6
22.353,1.58
22.358,1.58
22.363,1.58
22.368,1.62
22.373,1.57
22.378,1.55
22.383,1.6
22.388,1.62
22.393,1.58
22.398,1.57
22.403,1.61
22.408,1.62
22.413,1.56
22.418,1.57
22.423,1.61
22.428,1.61
22.433,1.29
22.438,1.25
22.443,1.25
22.448,1.25
22.453,1.25
22.458,1.25
22.463,1.25
22.468,1.64
22.473,1.25
22.478,1.25
22.483,1.25
22.488,1.25
22.493,1.25
22.498,1.25
22.503,1.61
22.508,1.26
22.513,1.25
22.518,1.25
22.523,1.25
22.528,1.25
22.533,1.25
22.538,1.57
22.543,1.61
22.548,1.63
22.553,1.29
22.558,1.25
22.563,1.26
22.568,1.25
22.573,1.25
22.578,1.25
22.583,1.25
22.588,1.57
22.593,1.59
22.598,1.59
22.603,1.61
22.608,1.62
22.613,1.59
22.618,1.57
22.623,1.61
22.628,1.63
22.633,1.57
22.638,1.57
22.643,1.59
22.648,1.61
22.653,1.57
22.658,1.56
22.663,1.25
22.668,1.25
22.673,1.25
22.678,1.25
22.683,1.59
22.688,1.62
22.693,1.6
22.698,1.56
22.703,1.61
22.708,1.65
22.713,1.6
22.718,1.59
22.723,1.6
22.728,1.64
22.733,1.57
22.738,1.57
22.743,1.6
22.748,1.58
22.753,1.6
22.758,1.58
22.763,1.61
22.768,1.62
22.773,1.59
22.778,1.56
22.783,1.56
22.788,1.61
22.793,1.58
22.798,1.54
22.803,1.59
22.808,1.57
22.813,1.56
22.818,1.55
22.823,1.59
22.828,1.62
22.833,1.58
22.838,1.58
22.843,1.6
22.848,1.6
22.853,1.58
22.858,1.56
22.863,1.59
22.868,1.61
22.873,1.59
22.878,1.58
22.883,1.58
22.888,1.63
22.893,1.35
22.898,1.25
22.903,1.25
22.908,1.26
22.913,1.26
22.918,1.25
22.923,1.25
22.928,1.58
22.933,1.25
22.938,1.25
22.943,1.25
22.948,1.25
22.953,1.31
22.958,1.25
22.963,1.59
22.968,1.25
22.973,1.25
22.978,1.25
22.983,1.25
22.988,1.25
22.993,1.25
22.998,1.25
23.003,1.6
23.008,1.66
23.013,1.57
23.018,1.56
23.023,1.25
23.028,1.25
23.033,1.25
23.038,1.25
23.043,1.6
23.048,1.26
23.053,1.25
23.058,1.25
23.063,1.58
23.068,1.61
23.073,1.58
23.078,1.58
23.083,1.6
23.088,1.57
23.093,1.59
23.098,1.56
23.103,1.62
23.108,1.64
23.113,1.6
23.118,1.57
23.123,1.25
23.128,1.25
23.133,1.43
23.138,1.25
23.143,1.25
23.148,1.61
23.153,1.59
23.158,1.58
23.163,1.61
23.168,1.61
23.173,1.59
23.178,1.57
23.183,1.59
23.188,1.63
23.193,1.59
23.198,1.58
23.203,1.59
23.208,1.63
23.213,1.57
23.218,1.55
23.223,1.59
23.228,1.62
23.233,1.57
23.238,1.58
23.243,1.6
23.248,1.63
23.253,1.58
23.258,1.56
23.263,1.6
23.268,1.61
23.273,1.6
23.278,1.58
23.283,1.58
23.288,1.63
23.293,1.57
23.298,1.54
23.303,1.59
23.308,1.62
23.313,1.58
23.318,1.57
23.323,1.6
23.328,1.63
23.333,1.58
23.338,1.56
23.343,1.59
23.348,1.61
23.353,1.25
23.358,1.58
23.363,1.6
23.368,1.62
23.373,1.58
23.378,1.58
23.383,1.59
23.388,1.63
23.393,1.57
23.398,1.56
23.403,1.6
23.408,1.62
23.413,1.6
23.418,1.56
23.423,1.59
23.428,1.62
23.433,1.58
23.438,1.58
23.443,1.61
23.448,1.62
23.453,1.56
23.458,1.51
23.463,1.59
23.468,1.63
23.473,1.6
23.478,1.25
23.483,1.25
23.488,1.25
23.493,1.25
23.498,1.25
23.503,1.61
23.508,1.66
23.513,1.61
23.518,1.59
23.523,1.61
23.528,1.67
23.533,1.59
23.538,1.56
23.543,1.6
23.548,1.66
23.553,1.58
23.558,1.59
23.563,1.61
23.568,1.64
23.573,1.58
23.578,1.57
23.583,1.61
23.588,1.25
23.593,1.26
23.598,1.26
23.603,1.26
23.608,1.27
23.613,1.25
23.618,1.56
23.623,1.6
23.628,1.66
23.633,1.58
23.638,1.59
23.643,1.59
23.648,1.64
23.653,1.56
23.658,1.56
23.663,1.58
23.668,1.6
23.673,1.57
23.678,1.58
23.683,1.61
23.688,1.64
23.693,1.57
23.698,1.56
23.703,1.27
23.708,1.27
23.713,1.26
23.718,1.26
23.723,1.26
23.728,1.26
23.733,1.58
23.738,1.26
23.743,1.26
23.748,1.26
23.753,1.26
23.758,1.26
23.763,1.26
23.768,1.61
23.773,1.26
23.778,1.26
23.783,1.26
23.788,1.26
23.793,1.26
23.798,1.26
23.803,1.32
23.808,1.67
23.813,1.43
23.818,1.26
23.823,1.62
23.828,1.66
23.833,1.59
23.838,1.6
23.843,1.61
23.848,1.66
23.853,1.57
23.858,1.56
23.863,1.6
23.868,1.63
23.873,1.59
23.878,1.58
23.883,1.6
23.888,1.64
23.893,1.61
23.898,1.58
23.903,1.61
23.908,1.66
23.913,1.6
23.918,1.58
23.923,1.6
23.928,1.64
23.933,1.56
23.938,1.55
23.943,1.26
23.948,1.25
23.953,1.25
23.958,1.26
23.963,1.62
23.968,1.26
23.973,1.25
23.978,1.25
23.983,1.26
23.988,1.26
23.993,1.26
23.998,1.25
24.003,1.6
24.008,1.26
24.013,1.25
24.018,1.25
24.023,1.25
24.028,1.25
24.033,1.25
24.038,1.58
24.043,1.6
24.048,1.25
24.053,1.26
24.058,1.26
24.063,1.26
24.068,1.26
24.074,1.26
24.079,1.26
24.084,1.26
24.089,1.26
24.094,1.26
24.099,1.57
24.104,1.59
24.109,1.67
24.114,1.6
24.119,1.59
24.124,1.6
24.129,1.66
24.134,1.62
24.139,1.57
24.144,1.62
24.149,1.65
24.154,1.59
24.159,1.58
24.164,1.35
24.169,1.26
24.174,1.26
24.179,1.26
24.184,1.61
24.189,1.59
24.194,1.58
24.199,1.58
24.204,1.57
24.209,1.66
24.214,1.61
24.219,1.55
24.224,1.6
24.229,1.65
24.234,1.59
24.239,1.57
24.244,1.58
24.249,1.65
24.254,1.53
24.259,1.55
24.264,1.59
24.269,1.63
24.274,1.58
24.279,1.25
24.284,1.57
24.289,1.63
24.294,1.59
24.299,1.58
24.304,1.6
24.309,1.67
24.314,1.59
24.319,1.58
24.324,1.61
24.329,1.62
24.334,1.57
24.339,1.58
24.344,1.61
24.349,1.64
24.354,1.6
24.359,1.58
24.364,1.61
24.369,1.63
24.374,1.59
24.379,1.57
24.384,1.6
24.389,1.66
24.394,1.61
24.399,1.59
24.404,1.26
24.409,1.27
24.414,1.26
24.419,1.26
24.424,1.26
24.429,1.3
24.434,1.26
24.439,1.27
24.444,1.26
24.449,1.26
24.454,1.27
24.459,1.56
24.464,1.6
24.469,1.65
24.474,1.59
24.479,1.59
24.484,1.6
24.489,1.63
24.494,1.57
24.499,1.57
24.504,1.6
24.509,1.3
24.514,1.27
24.519,1.27
24.524,1.26
24.529,1.26
24.534,1.27
24.539,1.27
24.544,1.6
24.549,1.26
24.554,1.27
24.559,1.27
24.564,1.26
24.569,1.27
24.574,1.26
24.579,1.27
24.584,1.26
24.589,1.29
24.594,1.27
24.599,1.57
24.604,1.59
24.609,1.62
24.614,1.6
24.619,1.56
24.624,1.59
24.629,1.27
24.634,1.25
24.639,1.25
24.644,1.32
24.649,1.62
24.654,1.55
24.659,1.54
24.664,1.59
24.669,1.63
24.674,1.58
24.679,1.57
24.684,1.6
24.689,1.62
24.694,1.6
24.699,1.57
24.704,1.6
24.709,1.64
24.714,1.6
24.719,1.58
24.724,1.61
24.729,1.65
24.734,1.57
24.739,1.48
24.744,1.59
24.749,1.62
24.754,1.58
24.759,1.58
24.764,1.6
24.769,1.64
24.774,1.6
24.779,1.56
24.784,1.6
24.789,1.61
24.794,1.59
24.799,1.56
24.804,1.58
24.809,1.62
24.814,1.58
24.819,1.55
24.824,1.6
24.829,1.61
24.834,1.58
24.839,1.57
24.844,1.6
24.849,1.63
24.854,1.59
24.859,1.55
24.864,1.58
24.869,1.62
24.874,1.59
24.879,1.57
24.884,1.59
24.889,1.61
24.894,1.55
24.899,1.54
24.904,1.58
24.909,1.62
24.914,1.57
24.919,1.56
24.924,1.58
24.929,1.6
24.934,1.57
24.939,1.55
24.944,1.58
24.949,1.62
24.954,1.58
24.959,1.56
24.964,1.59
24.969,1.61
24.974,1.25
24.979,1.25
24.984,1.25
24.989,1.25
24.994,1.25
24.999,1.25
25.004,1.58
25.009,1.26
25.014,1.25
25.019,1.25
25.024,1.25
25.029,1.25
25.034,1.25
25.039,1.57
25.044,1.25
25.049,1.25
25.054,1.25
25.059,1.25
25.064,1.25
25.069,1.25
25.074,1.56
25.079,1.56
25.084,1.59
25.089,1.6
25.094,1.6
25.099,1.25
25.104,1.25
25.109,1.26
25.114,1.27
25.119,1.56
25.124,1.59
25.129,1.61
25.134,1.56
25.139,1.55
25.144,1.59
25.149,1.61
25.154,1.58
25.159,1.56
25.164,1.59
25.169,1.6
25.174,1.58
25.179,1.55
25.184,1.59
25.189,1.6
25.194,1.58
25.199,1.28
25.204,1.25
25.209,1.26
25.214,1.25
25.219,1.25
25.224,1.25
25.229,1.25
25.234,1.25
25.239,1.56
25.244,1.59
25.249,1.6
25.254,1.58
25.259,1.55
25.264,1.58
25.269,1.6
25.274,1.59
25.279,1.57
25.284,1.59
25.289,1.6
25.294,1.58
25.299,1.56
25.304,1.6
25.309,1.61
25.314,1.59
25.319,1.56
25.324,1.6
25.329,1.6
25.334,1.6
25.339,1.55
25.344,1.59
25.349,1.6
25.354,1.59
25.359,1.56
25.364,1.59
25.369,1.61
25.374,1.55
25.379,1.54
25.384,1.58
25.389,1.62
25.394,1.58
25.399,1.57
25.404,1.58
25.409,1.6
25.414,1.59
25.419,1.55
25.424,1.57
25.429,1.59
25.434,1.25
25.439,1.25
25.444,1.25
25.449,1.25
25.454,1.25
25.459,1.33
25.464,1.58
25.469,1.25
25.474,1.25
25.479,1.24
25.484,1.25
25.489,1.24
25.494,1.25
25.499,1.55
25.504,1.25
25.509,1.25
25.514,1.25
25.519,1.25
25.524,1.25
25.529,1.25
25.534,1.52
25.539,1.54
25.544,1.57
25.549,1.6
25.554,1.26
25.559,1.26
25.564,1.25
25.569,1.25
25.574,1.26
25.579,1.25
25.584,1.25
25.589,1.6
25.594,1.56
25.599,1.57
25.604,1.59
25.609,1.6
25.614,1.55
25.619,1.55
25.624,1.58
25.629,1.59
25.634,1.58
25.639,1.56
25.644,1.58
25.649,1.59
25.654,1.57
25.659,1.26
25.664,1.26
25.669,1.25
25.674,1.5
25.679,1.56
25.684,1.58
25.689,1.6
25.694,1.55
25.699,1.54
25.704,1.57
25.709,1.59
25.714,1.57
25.719,1.56
25.724,1.58
25.729,1.58
25.734,1.56
25.739,1.55
25.744,1.58
25.749,1.59
25.754,1.58
25.759,1.56
25.764,1.58
25.769,1.6
25.774,1.56
25.779,1.55
25.784,1.58
25.789,1.59
25.794,1.57
25.799,1.56
25.804,1.58
25.809,1.59
25.814,1.58
25.819,1.55
25.824,1.59
25.829,1.59
25.834,1.59
25.839,1.56
25.844,1.58
25.849,1.6
25.854,1.56
25.859,1.54
25.864,1.58
25.869,1.61
25.874,1.57
25.879,1.55
25.884,1.56
25.889,1.58
25.894,1.26
25.899,1.25
25.904,1.25
25.909,1.51
25.914,1.26
25.919,1.26
25.924,1.26
25.929,1.26
25.934,1.26
25.939,1.26
25.944,1.26
25.949,1.6
25.954,1.26
25.959,1.51
25.964,1.26
25.969,1.26
25.974,1.26
25.979,1.55
25.984,1.26
25.989,1.26
25.994,1.26
25.999,1.56
26.004,1.59
26.009,1.6
26.014,1.56
26.019,1.26
26.024,1.26
26.029,1.26
26.034,1.26
26.039,1.55
26.044,1.26
26.049,1.25
26.054,1.25
26.059,1.53
26.064,1.57
26.069,1.61
26.074,1.59
26.079,1.56
26.084,1.59
26.089,1.6
26.094,1.57
26.099,1.55
26.104,1.58
26.109,1.59
26.114,1.59
26.119,1.25
26.124,1.25
26.129,1.25
26.134,1.26
26.139,1.25
26.144,1.32
26.149,1.58
26.154,1.57
26.159,1.55
26.164,1.57
26.169,1.61
26.174,1.56
26.179,1.54
26.184,1.58
26.189,1.61
26.194,1.58
26.199,1.57
26.204,1.59
26.209,1.61
26.214,1.57
26.219,1.55
26.224,1.59
26.229,1.61
26.234,1.58
26.239,1.57
26.244,1.6
26.249,1.61
26.254,1.57
26.259,1.56
26.264,1.58
26.269,1.62
26.274,1.59
26.279,1.57
26.284,1.58
26.289,1.59
26.294,1.57
26.299,1.54
26.304,1.59
26.309,1.61
26.314,1.58
26.319,1.56
26.324,1.59
26.329,1.61
26.334,1.57
26.339,1.54
26.344,1.58
26.349,1.26
26.354,1.58
26.359,1.56
26.364,1.58
26.369,1.6
26.374,1.59
26.379,1.54
26.384,1.6
26.389,1.61
26.394,1.59
26.399,1.56
26.404,1.59
26.409,1.61
26.414,1.57
26.419,1.55
26.424,1.59
26.429,1.6
26.434,1.58
26.439,1.56
26.444,1.59
26.449,1.61
26.454,1.59
26.459,1.55
26.464,1.58
26.469,1.43
26.474,1.25
26.479,1.25
26.484,1.25
26.489,1.25
26.494,1.26
26.499,1.54
26.504,1.26
26.509,1.26
26.514,1.26
26.519,1.26
26.524,1.25
26.529,1.26
26.534,1.55
26.539,1.25
26.544,1.25
26.549,1.25
26.554,1.26
26.559,1.25
26.564,1.25
26.569,1.25
26.574,1.58
26.579,1.55
26.584,1.25
26.589,1.25
26.594,1.25
26.599,1.25
26.604,1.25
26.609,1.26
26.614,1.59
26.619,1.25
26.624,1.29
26.629,1.25
26.634,1.25
26.639,1.25
26.644,1.59
26.649,1.61
26.654,1.57
26.659,1.54
26.664,1.58
26.669,1.6
26.674,1.58
26.679,1.56
26.684,1.58
26.689,1.61
26.694,1.58
26.699,1.54
26.704,1.53
26.709,1.61
26.714,1.6
26.719,1.57
26.724,1.61
26.729,1.62
26.734,1.59
26.739,1.56
26.744,1.61
26.749,1.61
26.754,1.58
26.759,1.56
26.764,1.59
26.769,1.62
26.774,1.59
26.779,1.56
26.784,1.6
26.789,1.62
26.794,1.6
26.799,1.56
26.804,1.59
26.809,1.61
26.814,1.56
26.819,1.55
26.824,1.58
26.829,1.62
26.834,1.58
26.839,1.56
26.844,1.59
26.849,1.62
26.854,1.58
26.859,1.56
26.864,1.59
26.869,1.63
26.874,1.57
26.879,1.58
26.884,1.6
26.889,1.63
26.894,1.58
26.899,1.56
26.904,1.6
26.909,1.64
26.914,1.6
26.919,1.58
26.924,1.61
26.929,1.63
26.934,1.6
26.939,1.25
26.944,1.25
26.949,1.25
26.954,1.25
26.959,1.25
26.964,1.26
26.969,1.25
26.974,1.25
26.979,1.25
26.984,1.25
26.989,1.25
26.994,1.25
26.999,1.58
27.004,1.61
27.009,1.63
27.014,1.59
27.019,1.56
27.024,1.61
27.029,1.64
27.034,1.61
27.039,1.59
27.044,1.25
27.049,1.25
27.054,1.25
27.059,1.25
27.064,1.25
27.069,1.25
27.074,1.25
27.079,1.27
27.084,1.25
27.089,1.25
27.094,1.25
27.099,1.25
27.104,1.25
27.109,1.26
27.114,1.25
27.119,1.25
27.124,1.57
27.129,1.25
27.134,1.25
27.139,1.25
27.144,1.55
27.149,1.65
27.154,1.6
27.159,1.57
27.164,1.54
27.169,1.64
27.174,1.6
27.179,1.57
27.184,1.6
27.189,1.63
27.194,1.61
27.199,1.58
27.204,1.61
27.209,1.65
27.214,1.6
27.219,1.57
27.224,1.6
27.229,1.6
27.234,1.57
27.239,1.57
27.244,1.58
27.249,1.6
27.254,1.58
27.259,1.57
27.264,1.62
27.269,1.63
27.274,1.61
27.279,1.56
27.284,1.58
27.289,1.6
27.294,1.56
27.299,1.54
27.304,1.58
27.309,1.6
27.314,1.58
27.319,1.56
27.324,1.58
27.329,1.62
27.334,1.58
27.339,1.55
27.344,1.59
27.349,1.6
27.354,1.61
27.359,1.58
27.364,1.62
27.369,1.65
27.374,1.61
27.379,1.58
27.384,1.6
27.389,1.67
27.394,1.25
27.399,1.25
27.404,1.25
27.409,1.26
27.414,1.25
27.419,1.25
27.424,1.62
27.429,1.26
27.434,1.25
27.439,1.25
27.444,1.25
27.449,1.25
27.454,1.26
27.459,1.56
27.464,1.25
27.469,1.25
27.474,1.25
27.479,1.25
27.484,1.25
27.489,1.25
27.494,1.33
27.499,1.58
27.504,1.26
27.509,1.27
27.514,1.26
27.519,1.26
27.524,1.26
27.529,1.26
27.534,1.26
27.539,1.33
27.544,1.26
27.549,1.62
27.554,1.61
27.559,1.59
27.564,1.64
27.569,1.66
27.574,1.61
27.579,1.58
27.584,1.62
27.589,1.65
27.594,1.52
27.599,1.6
27.604,1.61
27.609,1.66
27.614,1.6
27.619,1.57
27.624,1.3
27.629,1.26
27.634,1.27
27.639,1.27
27.644,1.27
27.649,1.67
27.654,1.6
27.659,1.6
27.664,1.64
27.669,1.66
27.674,1.64
27.679,1.6
27.684,1.64
27.689,1.65
27.694,1.64
27.699,1.59
27.704,1.61
27.709,1.66
27.714,1.62
27.719,1.59
27.724,1.65
27.729,1.67
27.734,1.26
27.739,1.59
27.744,1.64
27.749,1.67
27.754,1.63
27.759,1.61
27.764,1.64
27.769,1.63
27.774,1.59
27.779,1.57
27.784,1.63
27.789,1.64
27.794,1.64
27.799,1.6
27.804,1.65
27.809,1.66
27.814,1.64
27.819,1.59
27.824,1.65
27.829,1.67
27.834,1.63
27.839,1.61
27.844,1.64
27.849,1.64
27.854,1.63
27.859,1.6
27.864,1.64
27.869,1.63
27.874,1.63
27.879,1.61
27.884,1.63
27.889,1.65
27.894,1.64
27.899,1.6
27.904,1.64
27.909,1.66
27.914,1.65
27.919,1.62
27.924,1.65
27.929,1.65
27.934,1.6
27.939,1.58
27.944,1.63
27.949,1.65
27.954,1.63
27.959,1.6
27.964,1.65
27.969,1.28
27.974,1.28
27.979,1.28
27.984,1.28
27.989,1.28
27.994,1.28
27.999,1.62
28.004,1.28
28.009,1.29
28.014,1.28
28.019,1.28
28.024,1.28
28.029,1.29
28.034,1.64
28.039,1.28
28.044,1.29
28.049,1.29
28.054,1.29
28.059,1.28
28.064,1.28
28.069,1.53
28.074,1.64
28.079,1.61
28.084,1.66
28.089,1.64
28.094,1.28
28.099,1.28
28.104,1.27
28.109,1.64
28.114,1.64
28.119,1.61
28.124,1.64
28.129,1.65
28.134,1.62
28.139,1.59
28.144,1.65
28.149,1.67
28.154,1.62
28.159,1.59
28.164,1.67
28.169,1.64
28.174,1.63
28.179,1.6
28.184,1.66
28.189,1.64
28.194,1.64
28.199,1.28
28.204,1.28
28.209,1.29
28.214,1.28
28.219,1.28
28.224,1.32
28.229,1.29
28.234,1.64
28.239,1.61
28.244,1.66
28.249,1.63
28.254,1.56
28.259,1.59
28.264,1.63
28.269,1.64
28.274,1.64
28.279,1.61
28.284,1.66
28.289,1.66
28.294,1.64
28.299,1.61
28.304,1.64
28.309,1.65
28.314,1.64
28.319,1.61
28.324,1.64
28.329,1.63
28.334,1.62
28.339,1.61
28.344,1.66
28.349,1.66
28.354,1.64
28.359,1.61
28.364,1.65
28.369,1.64
28.374,1.64
28.379,1.6
28.384,1.66
28.389,1.66
28.394,1.65
28.399,1.59
28.404,1.65
28.409,1.66
28.414,1.62
28.419,1.59
28.424,1.65
28.429,1.29
28.434,1.3
28.439,1.3
28.444,1.3
28.449,1.3
28.454,1.57
28.459,1.61
28.464,1.3
28.469,1.3
28.474,1.3
28.479,1.29
28.484,1.3
28.489,1.3
28.494,1.62
28.499,1.3
28.504,1.3
28.509,1.31
28.514,1.3
28.519,1.3
28.524,1.3
28.529,1.3
28.534,1.66
28.539,1.6
28.544,1.67
28.549,1.3
28.554,1.3
28.559,1.3
28.564,1.3
28.569,1.3
28.574,1.32
28.579,1.3
28.584,1.63
28.589,1.66
28.594,1.64
28.599,1.61
28.604,1.65
28.609,1.66
28.614,1.65
28.619,1.61
28.624,1.65
28.629,1.67
28.634,1.65
28.639,1.61
28.644,1.66
28.649,1.62
28.654,1.32
28.659,1.31
28.664,1.31
28.669,1.31
28.674,1.63
28.679,1.61
28.684,1.65
28.689,1.66
28.694,1.65
28.699,1.6
28.704,1.65
28.709,1.67
28.714,1.65
28.719,1.6
28.724,1.66
28.729,1.66
28.734,1.61
28.739,1.57
28.744,1.63
28.749,1.66
28.754,1.62
28.759,1.62
28.764,1.64
28.769,1.67
28.774,1.61
28.779,1.6
28.784,1.65
28.789,1.66
28.794,1.62
28.799,1.61
28.804,1.63
28.809,1.67
28.814,1.62
28.819,1.6
28.824,1.65
28.829,1.67
28.834,1.63
28.839,1.61
28.844,1.64
28.849,1.66
28.854,1.62
28.859,1.58
28.864,1.65
28.869,1.66
28.874,1.64
28.879,1.6
28.884,1.64
28.889,1.32
28.894,1.32
28.899,1.31
28.904,1.31
28.909,1.33
28.914,1.32
28.919,1.32
28.924,1.32
28.929,1.32
28.934,1.32
28.939,1.32
28.944,1.32
28.949,1.32
28.954,1.32
28.959,1.32
28.964,1.32
28.969,1.32
28.974,1.32
28.979,1.32
28.984,1.32
28.989,1.51
28.994,1.61
28.999,1.61
29.004,1.64
29.009,1.38
29.014,1.34
29.019,1.33
29.024,1.33
29.029,1.33
29.034,1.62
29.039,1.33
29.044,1.33
29.049,1.33
29.054,1.38
29.059,1.58
29.064,1.62
29.069,1.64
29.074,1.6
29.079,1.6
29.084,1.64
29.089,1.63
29.094,1.62
29.099,1.6
29.104,1.63
29.109,1.63
29.114,1.35
29.119,1.6
29.124,1.62
29.129,1.65
29.134,1.61
29.139,1.6
29.144,1.63
29.149,1.64
29.154,1.63
29.159,1.6
29.164,1.63
29.169,1.65
29.174,1.62
29.179,1.6
29.184,1.63
29.189,1.64
29.194,1.63
29.199,1.61
29.204,1.63
29.209,1.64
29.214,1.59
29.219,1.59
29.224,1.62
29.229,1.65
29.234,1.61
29.239,1.33
29.244,1.33
29.249,1.33
29.254,1.37
29.259,1.61
29.264,1.64
29.269,1.64
29.274,1.63
29.279,1.61
29.284,1.64
29.289,1.64
29.294,1.63
29.299,1.61
29.304,1.63
29.309,1.64
29.314,1.63
29.319,1.61
29.324,1.64
29.329,1.64
29.334,1.63
29.339,1.61
29.344,1.61
29.349,1.64
29.354,1.63
29.359,1.61
29.364,1.63
29.369,1.64
29.374,1.58
29.379,1.59
29.384,1.61
29.389,1.64
29.394,1.6
29.399,1.62
29.404,1.63
29.409,1.64
29.414,1.6
29.419,1.61